ID,Pb,Pb_level,Pb_level_cat,Pb +/-,Cu,Cu +/-,Zn,Zn +/-,Ni,Ni +/-,Fe,Fe +/-,Cr,Cr +/-,Mn,Mn +/-,V,V +/-,ID_1,SmokingIndoors,HouseAge,Garden,ExteriorPeeling,InteriorPeeling,Pets,BrickConstruction,RecentRenovation,Housing_1,Housing,HeatingFuel,VacuumFrequency,Response Code,Occupant0_1.LeadExposureOccupation,Occupant0_1.LeadExposureHobby,Hobbies,MainFlooring,VacuumCleanerUsedOutside
AA0001,58,0,Low,4,505,13,1572,21,270,13,19320,170,165,5,507,7,80,4,AA0001,0,92,1,2,0,0,1,1,1929,3,Electricity,Monthly,0=No,0,3,fishing,Tile,0
AA0002,18.3,0,Low,1.3,51,3,457,5,10,3,6660,39,12.5,1.6,147,2,19,1.2,AA0002,0,43,0,1,1,1,1,0,1978,1,Gas,Monthly,1=Yes,0,0,,Wood,0
AA0003,26,0,Low,4,552,15,2029,26,148,12,9919,113,254,6,433,8,55,3,AA0003,0,33,1,2,1,0,1,1,1988,0,Electricity,Weekly,2=Do not know,0,0,,Carpet,1
AA0004,27.7,0,Low,1.9,340,7,804,9,73,5,12704,77,62,2,337,4,39.8,1.8,AA0004,1,22,0,0,0,1,1,0,1999,0,Gas,Weekly,3=Occasionally,1,0,,Carpet,3
AA0396,21.9,0,Low,1.5,92,3,606,6,,,2357,24,9.1,1.7,83,2,11.3,1.1,AA0396,0,166,1,0,0,0,1,1,1855,3,Electricity,Weekly,,0,0,n/a,Wood,0
AA0356,244,1,High,4,88,3,1058,9,27,4,10310,58,23,2,264,4,28.5,1.6,AA0356,0,161,1,1,1,0,0,1,1860,3,Electricity,Weekly,,0,3,shooting,Carpet,0
AA0212,341,1,High,4,132,4,885,8,24,4,12715,70,70,3,252,4,36.7,1.8,AA0212,0,160,1,0,0,1,1,1,1861,3,Electricity,Twice a month,,0,0,,Wood,0
AA0100,66,0,Low,3,110,5,840,10,58,6,13735,90,76,3,310,5,57,2,AA0100,1,151,0,0,0,1,0,0,1870,3,Electricity,Weekly or more,,0,0,,Carpet,0
AA0437,279,1,High,3,116,3,487,5,,,5451,35,91.7,2,113,2,14.9,0.9,AA0437,0,150,1,1,0,0,1,1,1871,3,Gas,Twice a month,,,0,,Wood,0
AA0398,566,1,High,5,201,5,8178,35,26,4,8963,54,56,2,193,3,58.7,1.9,AA0398,0,145,1,0,0,0,0,0,1876,3,Electricity,Weekly,,0,0,n/a,Carpet,0
AA0142,62.4,0,Low,1.9,112,4,914,8,33,4,4756,35,26.1,1.8,147,3,10,1.2,AA0142,0,135,0,0,0,0,1,0,1886,3,Gas,Twice a month,,,0,,Carpet,0
AA0169,15.4,0,Low,1.4,107,3,842,7,15,3,6067,40,23.6,1.6,139,2,14,1,AA0169,0,127,0,2,0,1,0,0,1894,3,Gas,Twice a month,,1,0,,Carpet; Wood,0
AA0276,204,1,High,3,36,2,441,5,18,3,10816,55,38,2,360,4,45.6,1.7,AA0276,0,123,0,1,0,1,1,1,1898,3,Gas,Twice a month,,0,0,n/a,Wood,0
AA0401,55.1,0,Low,1.8,90,3,447,5,20,3,8021,46,40,2,296,4,28.4,1.6,AA0401,0,121,1,0,0,1,0,0,1900,3,Gas,Weekly,,1,0,n/a,Carpet,0
AA0273,210,1,High,3,261,5,1429,10,81,4,8382,47,53,2,200,3,23.9,1.3,AA0273,0,116,0,1,0,0,0,0,1905,3,Electricity,Twice a month,,0,0,n/a,Carpet,0
AA0051,225,1,High,4,63,3,539,7,56,5,31368,140,1128,9,621,7,109,3,AA0051,0,116,1,0,0,1,0,0,1905,3,Gas,Weekly or more,,0,0,,Carpet,1
AA0292,154,1,High,4,95,4,626,8,37,5,18094,106,116,3,294,4,30.3,1.8,AA0292,0,115,0,1,1,1,0,0,1906,3,Gas,Weekly,,0,0,n/a,Carpet,1
AA0013,399,1,High,4,173,4,465,6,21,3,15565,74,35,2,308,4,44.6,1.6,AA0013,1,110,0,0,0,1,0,1,1911,3,Electricity,Weekly,,0,3,fishing,Wood,1
AA0320,208,1,High,3,144,4,2003,11,,,7029,40,28.6,1.9,193,3,29.4,1.4,AA0320,0,109,1,0,1,0,1,0,1912,3,Gas,Twice a month,,0,0,n/a,Wood,3
AA0408,54.3,0,Low,1.9,135,4,1347,10,25,4,10533,57,35.2,2,372,4,27.9,1.5,AA0408,0,106,0,1,1,0,1,0,1915,3,Electricity,Weekly,,0,0,n/a,Wood,0
AA0411,9.9,0,Low,0.8,11,1.3,109.4,1.7,,,1497,12,,,44.9,1.1,,,AA0411,0,105,1,2,0,,0,1,1916,3,Electricity,Twice a month,,0,3,fishing,Wood,1
AA0170,36.6,0,Low,1.9,137,4,1480,12,41,4,12835,73,60,3,209,4,43,1.8,AA0170,0,103,1,0,0,0,0,1,1918,3,Oil,Weekly or more,,0,0,,Wood,0
AA0128,215,1,High,4,102,5,1176,12,41,5,21499,129,69,3,398,5,54,2,AA0128,0,101,0,1,1,0,0,0,1920,3,Electricity,Weekly or more,,0,0,,Wood,1
AA0289,597,1,High,5,86,3,721,7,32,3,12268,60,43,2,342,4,40.4,1.7,AA0289,0,101,1,0,1,1,1,1,1920,3,Gas,Weekly,,0,0,n/a,"Carpet, Wood, Tile",0
AA0147,13.6,0,Low,1.3,45,3,623,6,,,11725,60,57,2,213,3,32.8,1.4,AA0147,0,100,1,0,0,0,0,1,1921,3,Electricity,Twice a month,,0,0,,Wood,0
AA0007,44,0,Low,1.8,38,3,319,5,25,4,13814,71,30,2,368,4,40.5,1.6,AA0007,1,100,0,1,0,1,0,0,1921,3,Electricity,Monthly,,0,0,,Wood,0
AA0047,44,0,Low,4,290,12,1671,25,55,11,6648,94,217,6,458,8,59,3,AA0047,0,100,0,0,0,1,0,0,1921,3,Gas,Monthly or less,,,0,,Carpet,0
AA0165,56,0,Low,2,278,5,1133,9,26,3,5233,37,37.6,1.8,123,2,24.1,1.4,AA0165,0,100,0,0,0,0,1,0,1921,3,Electricity,Weekly or more,,0,0,,Carpet,0
AA0046,73,0,Low,2,195,5,802,8,19,4,7666,50,35,2,174,3,17.6,1.2,AA0046,0,100,0,0,0,1,0,0,1921,3,Gas,Monthly or less,,,0,,Carpet,0
AA0158,81,1,High,2,73,4,408,5,759,10,22884,98,79,3,428,5,52,2,AA0158,0,100,1,0,0,1,0,1,1921,3,Electricity,Twice a month,,0,0,,Wood,0
AA0444,141,1,High,3,155,4,364,5,57,4,7808,44,40.7,2,307,3,37.3,1.5,AA0444,0,100,1,0,1,1,0,1,1921,3,Gas,Monthly or less,,,1,Silversmith,Wood,0
AA0177,815,1,High,7,254,6,1279,11,29,4,24749,120,19,3,398,5,50,3,AA0177,0,100,0,1,0,1,0,0,1921,3,Electricity,Weekly or more,,0,0,,Wood,1
AA0043,1196,1,High,8,9297,40,5913,27,36,4,12525,66,80,3,221,3,248,3,AA0043,0,100,0,0,0,1,1,0,1921,3,Oil,Weekly or more,,0,0,,Wood,0
AA0190,1665,1,High,10,160,4,947,8,27,4,16653,79,35,2,343,4,46.1,2,AA0190,0,100,1,0,0,0,1,0,1921,3,Gas,Monthly or less,,0,0,,Wood,0
AA0366,77,0,Low,2,70,3,304,4,45,4,7484,46,26,2,255,4,29.3,1.7,AA0366,0,97,1,0,1,1,0,0,1924,3,Gas,Weekly,,0,0,n/a,Wood,1
AA0052,197,1,High,5,193,7,2039,19,95,7,18348,128,177,4,336,5,71,2,AA0052,0,97,1,1,1,0,1,1,1924,3,Gas,Weekly,,0,0,,Wood,0
AA0375,729,1,High,6,249,5,1424,11,111,5,18941,89,86,3,299,4,68,2,AA0375,0,97,1,1,1,0,0,1,1924,3,Gas,Weekly,,0,0,n/a,Wood,0
AA0306,21,0,Low,2,117,6,367,7,28,6,5355,57,76,3,251,5,29.7,1.9,AA0306,0,96,0,0,0,1,1,1,1925,3,Electricity,Weekly,,0,0,n/a,Carpet; Wood,0
AA0352,87.9,1,High,1.9,50,2,729,6,12,3,7357,39,109,2,224,3,32.4,1.5,AA0352,0,96,1,0,0,1,1,2,1925,3,Gas,Weekly,,0,0,n/a,Wood,3
AA0390,145,1,High,3,607,8,1025,9,37,4,16843,86,14,2,265,4,57,2,AA0390,1,96,0,0,0,0,1,1,1925,3,Electricity,Weekly,,0,0,n/a,tile,0
AA0385,6.6,0,Low,0.8,21.6,1.6,259,3,,,1269,13,3.4,1.1,61.6,1.7,2.4,0.6,AA0385,0,95,1,1,0,0,0,1,1926,3,Electricity,Monthly,,1,1,shooting,Carpet; Linoleum/vinyl; Tile,0
AA0219,13.2,0,Low,1.2,73,3,368,4,8,3,6106,36,40.5,2,251,3,35.9,1.4,AA0219,0,95,1,0,0,1,0,0,1926,3,Gas,Twice a month,,1,0,,Wood,0
AA0144,101,1,High,2,206,5,1087,9,61,4,13816,70,46,2,205,3,36.5,1.6,AA0144,0,95,1,0,0,0,0,1,1926,3,Electricity,Weekly or more,,0,0,,Wood,0
AA0377,306,1,High,4,77,3,1427,10,15,3,11088,57,81,2,403,4,68.9,1.8,AA0377,0,95,1,1,1,1,0,0,1926,3,Electricity,Twice a month,,0,0,n/a,Wood,0
AA0365,72.8,0,Low,1.8,225,4,1818,11,21,3,7788,43,32,2,172,3,45.3,1.9,AA0365,0,94,1,0,0,1,0,0,1927,3,Electricity,Twice a month,,0,3,fishing,Wood; Linoleum/vinyl,3
AA0299,90,1,High,2,336,5,1105,8,36,3,8324,44,115,3,249,3,27.4,1.5,AA0299,0,93,1,1,0,1,1,1,1928,3,Gas,Twice a month,,0,0,n/a,Wood,1
AA0159,136,1,High,3,131,4,615,7,31,4,8472,51,111,3,238,3,21.5,1.2,AA0159,0,93,1,0,0,0,1,0,1928,3,Gas,Weekly or more,,0,0,,Wood,0
AA0271,154,1,High,2,94,3,486,5,65,4,8968,45,32,2,343,4,36.4,1.5,AA0271,0,93,0,1,1,1,0,0,1928,3,Electricity,,,0,0,n/a,laminate,0
AA0340,220,1,High,3,98,3,1315,9,17,3,8240,43,163,3,219,3,44.5,1.5,AA0340,0,93,1,0,0,0,1,1,1928,3,Electricity,Weekly,,0,0,n/a,Wood,0
AA0201,67,0,Low,2,37,3,948,8,,,12815,66,69,2,246,3,35.3,1.6,AA0201,0,90,1,0,0,0,0,1,1931,3,Gas,Twice a month,,0,0,,Linoleum,0
AA0141,252,1,High,4,122,4,318,5,20,4,13259,70,41,2,409,4,37.6,1.6,AA0141,0,90,1,0,0,1,0,1,1931,3,Gas,Weekly or more,,0,0,,Wood,0
AA0445,433,1,High,5,602,8,1430,12,40,4,13362,76,23,3,233,4,68,3,AA0445,0,90,0,0,1,0,1,1,1931,3,Gas,,,0,0,n/a,Wood,0
AA0189,266,1,High,3,49,3,1495,10,33,4,16001,73,46,2,494,5,63.3,1.9,AA0189,1,86,1,0,0,1,1,0,1935,3,Gas,Weekly or more,,0,0,,Carpet,0
AA0399,56.8,0,Low,1.8,79,3,595,6,39,4,10280,54,79,3,237,3,38.4,1.6,AA0399,0,85,1,0,0,1,0,0,1936,3,Electricity,Weekly,,0,1,shooting; fishing,Carpet,0
AA0078,608,1,High,6,177,5,1494,11,45,4,16423,85,118,3,371,4,39.1,1.5,AA0078,0,85,1,1,1,0,0,1,1936,3,Gas,Weekly or more,,0,0,,Carpet,0
AA0164,10.6,0,Low,1.2,77,3,226,4,95,4,12051,58,80,2,254,3,27.2,1.3,AA0164,1,82,0,0,1,0,1,0,1939,3,Electricity,Weekly,,0,0,,Wood,0
AA0163,132,1,High,3,96,3,975,8,17,3,14259,70,50,3,259,4,108,3,AA0163,1,82,0,0,1,0,1,0,1939,3,Electricity,Weekly,,0,0,,Wood,0
AA0265,96,1,High,2,77,3,934,7,26,3,14767,63,51,2,398,4,32.5,1.5,AA0265,0,81,1,0,0,1,1,1,1940,2,Gas,Weekly,,0,3,fishing,laminate,1
AA0033,29,0,Low,3,389,9,1437,16,148,9,40513,242,216,5,430,6,146,5,AA0033,0,80,0,2,0,0,1,0,1941,2,Electricity,Weekly,,0,0,,Carpet,3
AA0216,96,1,High,2,155,4,1127,9,19,4,13769,71,56,3,292,4,66.5,1.9,AA0216,0,80,1,0,0,1,0,1,1941,2,Gas,Weekly or more,,,0,,Wood,0
AA0435,150,1,High,3,122,4,2013,12,24,3,6549,40,25.7,1.7,96,2,17,1.3,AA0435,0,80,0,0,1,0,1,0,1941,2,Gas,Twice a month,,0,0,,Wood,0
AA0138,218,1,High,3,327,6,1322,10,42,4,23184,101,42,3,285,4,35.5,1.8,AA0138,0,80,0,0,1,0,0,1,1941,2,Gas,Weekly or more,,0,0,,Carpet,0
AA0181,143,1,High,3,103,3,502,6,123,5,16277,75,90,3,290,4,50.7,1.7,AA0181,0,78,1,0,0,1,0,1,1943,2,Oil,Weekly or more,,0,0,,Carpet,0
AA0167,41.2,0,Low,1.7,152,4,1032,8,73,4,18351,83,244,4,380,4,46.9,1.8,AA0167,0,75,0,0,0,0,0,0,1946,2,Gas,Weekly or more,,0,0,,Carpet,0
AA0056,94,1,High,3,309,7,2882,19,373,9,15354,88,86,3,237,4,33.3,1.7,AA0056,0,75,1,0,0,1,0,1,1946,2,Electricity,Weekly or more,,,0,,Wood,0
AA0361,83.9,1,High,2,99,3,537,5,36,3,10213,52,93,3,270,4,35.8,1.7,AA0361,0,73,0,0,1,1,0,1,1948,2,Gas,Weekly,,0,0,n/a,Wood,0
AA0387,108,1,High,3,284,6,1506,11,56,4,14597,77,54,2,285,4,28.8,1.6,AA0387,0,73,0,0,0,0,0,1,1948,2,Electricity,Twice a month,,0,0,n/a,Carpet; Wood; Linoleum/vinyl; Tile,0
AA0413,9.6,0,Low,1,73,3,299,4,25,3,6637,35,110,4,105,4,16.4,1.7,AA0413,0,72,0,0,0,0,0,1,1949,2,Electricity,Weekly,,1,1,shooting,Carpet,0
AA0243,23.3,0,Low,1.1,13.3,1.6,207,3,,,2224,17,10.9,1.2,70.1,1.8,5.1,0.7,AA0243,1,71,0,0,0,1,,1,1950,2,Gas,Weekly,,0,0,,Carpet; Wood,
AA0125,314,1,High,5,161,5,963,10,39,5,13440,82,36,2,348,4,30.2,1.6,AA0125,0,71,1,1,0,0,0,1,1950,2,Electricity,Twice a month,,0,0,,Wood,0
AA0391,27.1,0,Low,1.4,117,3,475,5,21,3,9772,51,98,3,324,4,33.1,1.5,AA0391,0,70,1,0,0,1,0,0,1951,2,Gas,Twice a month,,0,0,n/a,Wood,0
AA0014,180,1,High,3,158,4,632,7,41,4,8397,54,22.2,1.8,184,3,29.1,1.3,AA0014,0,70,1,0,0,1,0,0,1951,2,Electricity,Weekly,,0,0,,Carpet,0
AA0042,211,1,High,4,2923,20,5382,27,89,5,15700,84,68,3,261,4,61.1,2,AA0042,0,70,1,0,0,0,1,0,1951,2,Electricity,Monthly or less,,,0,,Other,0
AA0136,245,1,High,3,82,3,573,5,13,3,4289,29,34.2,1.6,108,2,15.2,1,AA0136,0,70,1,0,0,0,0,0,1951,2,Electricity,Twice a month,,0,1,"soocer, fishing and gym",Wood,0
AA0305,42.2,0,Low,1.5,146,3,1055,8,20,3,4715,31,37.2,2,196,3,14.3,1.1,AA0305,0,69,1,1,0,0,0,0,1952,2,Electricity,Weekly,,0,0,n/a,Carpet,0
AA0259,81,1,High,2,71,3,643,6,44,4,8358,47,59,2,258,3,29.3,1.4,AA0259,1,69,0,1,0,0,0,0,1952,2,Gas,Weekly,,0,0,n/a,Carpet,0
AA0284,11.9,0,Low,1.3,,,106,3,,,1328,18,17.9,1.6,103,2,9.1,0.9,AA0284,0,68,0,0,0,1,0,1,1953,2,Gas,Weekly,,0,0,n/a,Carpet,0
AA0381,23.1,0,Low,1.3,84,3,447,5,14,3,3279,25,48.7,1.7,98,2,12.3,1.1,AA0381,0,68,0,0,0,1,0,0,1953,2,Electricity,Weekly,,0,0,n/a,Carpet; Wood; Linoleum/vinyl; Tile,0
AA0382,30.8,0,Low,1.7,182,5,3203,18,82,5,9639,57,37,2,148,3,24.2,1.6,AA0382,0,67,0,0,1,1,0,0,1954,2,Electricity,Weekly,,0,0,n/a,Wood,0
AA0274,87,1,High,2,47,3,507,5,16,3,14206,64,25,2,279,4,35.4,1.5,AA0274,0,67,1,2,0,0,0,1,1954,2,Electricity,Twice a month,,0,1,shooting range; fishing with lead sinkers,Wood,0
AA0405,25.4,0,Low,1.6,92,3,849,8,20,4,6556,45,86,3,213,3,30.6,1.9,AA0405,0,66,1,0,0,0,0,0,1955,2,Electricity,Monthly,,0,0,n/a,Carpet,0
AA0412,239,1,High,5,83,5,856,12,25,6,12796,102,146,4,531,7,57,3,AA0412,0,66,1,1,1,1,0,0,1955,2,Gas,Twice a month,,0,0,n/a,Carpet,0
AA0403,,,,,25,5,136,6,,,4650,70,57,5,174,7,26,3,AA0403,0,66,1,0,0,1,0,0,1955,2,Electricity,Weekly,,0,0,n/a,Wood,0
AA0400,13.4,0,Low,1.3,60,3,541,6,,,5769,37,24.8,1.7,175,3,12.2,1,AA0400,0,65,1,0,0,1,0,0,1956,2,Electricity,Weekly,,0,0,n/a,Linoleum/vinyl,0
AA0156,53,0,Low,2,84,3,441,6,41,4,14029,74,73,3,229,4,54.7,2,AA0156,1,65,1,0,0,0,1,1,1956,2,Gas,Weekly or more,,0,3,Fly Fishing,Wood,0
AA0061,1304,1,High,12,171,6,7320,43,61,7,176712,817,388,9,12735,91,65,4,AA0061,0,65,0,0,0,0,1,0,1956,2,Electricity,Monthly or less,,0,0,,Wood,0
AA0443,,,,,,,,,,,,,,,,,,,AA0443,0,65,1,1,0,0,1,1,1956,2,Gas,Twice a month,,0,1,fishing,Wood,0
AA0187,28.3,0,Low,1.6,51,3,410,5,97,5,22501,97,133,3,522,5,49.2,2,AA0187,0,64,1,0,0,1,0,0,1957,2,Gas,Twice a month,,0,0,,Wood,0
AA0449,39.6,0,Low,1.5,153,4,885,7,23,3,6965,40,60,2,320,4,30.5,1.4,AA0449,0,64,1,1,0,0,,1,1957,2,Electricity,Twice a month,,0,0,n/a,Carpet; cork tile,occassionally
AA0324,21.7,0,Low,1.1,42,2,237,3,9,2,5298,30,34.6,1.7,169,3,13.7,1,AA0324,0,63,1,1,1,1,0,1,1958,2,Electricity,Weekly,,0,0,n/a,Carpet; Linoleum/vinyl,0
AA0074,110,1,High,5,575,15,3694,38,137,11,19852,181,196,6,521,8,83,4,AA0074,0,63,1,1,0,1,1,0,1958,2,Gas,Monthly,,0,0,,Carpet,0
AA0035,50.2,0,Low,1.8,79,3,504,6,31,3,9154,51,56,2,260,4,28.7,1.7,AA0035,0,62,1,0,1,1,1,0,1959,2,Electricity,Twice a month,,0,3,fishing,Carpet,3
AA0175,17.5,0,Low,1.4,327,5,1204,9,39,4,11703,61,46,2,196,3,47.9,1.8,AA0175,0,61,0,0,0,0,,0,1960,1,Electricity,Weekly,,0,0,,Wood,0
AA0383,18.2,0,Low,1.5,59,3,548,7,33,4,3548,32,22,2,103,3,26,2,AA0383,0,60,1,0,1,1,1,1,1961,1,Gas,Weekly,,0,0,n/a,Carpet; Wood; Tile,0
AA0374,24.7,0,Low,1.5,146,4,205,4,39,4,13850,68,46,2,574,5,43.8,1.9,AA0374,0,60,1,1,0,1,1,1,1961,1,Electricity,Weekly,,0,0,n/a,Wood,0
AA0041,30.8,0,Low,1.6,105,4,314,5,330,7,9664,57,21,2,226,4,22.1,1.5,AA0041,0,60,1,0,0,1,1,0,1961,1,Electricity,Weekly,,0,0,,Carpet,1
AA0328,36.3,0,Low,1.9,65,3,396,6,,,8241,55,31.7,2,232,3,29.9,1.5,AA0328,1,60,0,2,1,1,1,0,1961,1,Electricity,Weekly,,0,0,n/a,Carpet,0
AA0388,37.9,0,Low,1.7,27,2,152,3,21,3,16958,80,40,3,350,5,58,2,AA0388,0,60,0,1,0,0,0,0,1961,1,Electricity,Weekly,,0,0,n/a,Carpet,1
AA0040,41.1,0,Low,1.7,141,4,381,5,21,3,11878,61,24,2,346,4,38.4,1.8,AA0040,0,60,1,0,0,1,0,1,1961,1,Electricity,Monthly,,1,1,shooting range,Linoleum/vinyl,0
AA0161,41.8,0,Low,2,158,4,1150,10,35,4,10922,65,46.9,2,204,3,24.6,1.4,AA0161,0,60,1,0,0,1,0,1,1961,1,Gas,Weekly or more,,0,0,,Wood,0
AA0174,82,1,High,2,238,5,876,7,592,9,7050,43,46,2,196,3,21.9,1.4,AA0174,0,60,1,0,1,0,1,1,1961,1,Gas,Twice a month,,0,1,fishing,Wood,0
AA0330,32.3,0,Low,1.4,48,2,194,3,23,3,7792,41,24.6,1.9,263,3,27.9,1.4,AA0330,0,59,1,1,0,1,1,1,1962,1,Electricity,Weekly,,0,0,n/a,Wood,0
AA0260,39,0,Low,1.5,76,3,521,5,15,3,7011,39,29.2,1.9,193,3,27,1.4,AA0260,0,57,0,1,0,1,1,0,1964,1,Electricity,Weekly,,0,0,n/a,Carpet; Wood,0
AA0120,79,0,Low,2,123,4,726,7,24,4,12296,65,42,2,184,3,47,1.6,AA0120,0,57,0,0,1,0,1,0,1964,1,Gas,Twice a month,,0,0,,Carpet,0
AA0053,30.9,0,Low,1.8,396,7,973,9,89,5,12724,70,37,2,339,4,40.6,2,AA0053,0,56,1,0,0,1,1,1,1965,1,Gas,Twice a month,,,0,,Wood,0
AA0096,31,0,Low,2,181,6,801,10,95,7,16515,111,50,3,309,4,33.5,1.8,AA0096,0,56,0,2,0,1,1,0,1965,1,Electricity,Twice a month,,2,0,,Tile,0
AA0397,36.8,0,Low,1.9,143,4,550,7,78,5,6467,46,101,2,160,3,13,1.1,AA0397,0,56,0,0,0,0,1,1,1965,1,Gas,Weekly,,0,0,n/a,Wood,0
AA0070,56.9,0,Low,2,129,4,5679,26,31,4,15791,77,56,2,245,3,55.2,1.9,AA0070,0,56,1,0,0,0,0,1,1965,1,Gas,Weekly or more,,,0,,Wood,0
AA0203,143,1,High,3,150,4,2198,13,25,4,10134,56,29.8,1.9,119,3,15.2,1.3,AA0203,0,56,1,1,0,0,1,1,1965,1,Gas,Twice a month,,,0,,Wood,0
AA0202,352,1,High,7,548,13,6581,50,115,9,19217,153,121,4,369,6,71,3,AA0202,0,56,1,1,0,0,1,1,1965,1,Gas,Twice a month,,,0,,Wood,0
AA0269,28.8,0,Low,1.3,42,2,432,4,10,3,7082,37,28.2,1.8,189,3,16.6,1.2,AA0269,0,55,1,1,0,0,1,0,1966,1,Gas,Weekly,,0,0,n/a,Carpet; tile,0
AA0308,129,1,High,2,76,3,565,6,22,3,10628,53,30,2,243,4,46,2,AA0308,0,55,1,0,0,0,0,1,1966,1,Gas,Weekly,,0,1,avid hunter; shooting,Wood; Tile,0
AA0440,166,1,High,4,2789,26,5499,38,104,8,20283,137,101,4,352,6,180,6,AA0440,0,55,1,1,0,1,0,1,1966,1,Other,Twice a month,,0,0,,Other,0
AA0199,295,1,High,5,349,8,7441,43,73,6,17083,110,146,3,267,4,46,2,AA0199,0,55,0,0,0,0,1,1,1966,1,Gas,Monthly or less,,0,0,,Wood,1
AA0373,21.8,0,Low,1.4,103,3,1359,9,23,3,11334,57,39,2,252,3,18,1.3,AA0373,0,54,1,0,0,1,0,1,1967,1,Electricity,Weekly,,0,0,n/a,Laminate,0
AA0336,25.2,0,Low,1.8,42,3,271,5,17,4,8028,55,28.7,2,186,3,21.7,1.3,AA0336,0,54,0,1,0,1,0,0,1967,1,Gas,Weekly,,0,3,car mechanic,Carpet,0
AA0364,37.3,0,Low,1.6,41,3,223,4,13,3,11886,61,40,2,307,4,42.4,1.8,AA0364,0,53,0,0,0,1,1,0,1968,1,Electricity,Twice a month,,0,0,n/a,Wood,0
AA0022,38.2,0,Low,1.7,61,3,274,4,13,3,10374,56,39,2,268,3,27.8,1.4,AA0022,1,53,0,1,0,1,1,0,1968,1,Electricity,Weekly,,0,0,,Wood,0
AA0116,37,0,Low,4,436,13,1575,22,86,11,11110,123,245,6,352,7,78,4,AA0116,0,52,0,0,0,0,0,0,1969,1,Electricity,Weekly or more,,2,0,,Tile,0
AA0126,14,0,Low,3,137,7,752,13,28,8,8906,95,74,4,245,6,37,3,AA0126,0,51,1,0,0,1,1,0,1970,1,Electricity,Weekly or more,,1,0,,Carpet,0
AA0068,16.6,0,Low,1.7,94,4,775,8,33,4,9154,61,35,2,201,3,25.6,1.4,AA0068,0,50,0,2,0,1,1,1,1971,1,Electricity,Twice a month,,2,3,,Wood,0
AA0148,21,0,Low,2,529,10,1309,14,211,9,3833,46,89,3,277,5,61.9,1.9,AA0148,1,50,0,0,0,1,1,0,1971,1,Electricity,Weekly or more,,0,0,,Carpet,0
AA0314,21.9,0,Low,1.8,53,3,863,9,21,4,5895,46,39,2,199,3,18.2,1.4,AA0314,0,50,1,0,0,1,0,1,1971,1,Gas,Twice a month,,1,0,shooting,Capet; Vinyl,0
AA0143,31.2,0,Low,1.3,160,3,576,5,13,3,3874,25,41.2,1.6,101.1,2,13.7,1.2,AA0143,0,50,0,0,0,0,1,0,1971,1,Electricity,Monthly or less,,0,0,,tiled,0
AA0395,73,0,Low,3,371,7,1193,12,34,5,12706,82,107,3,252,4,39.5,1.7,AA0395,0,50,1,0,0,0,0,0,1971,1,Gas,Twice a month,,0,0,n/a,Linoleum/vinyl,0
AA0134,153,1,High,2,114,3,472,5,16,3,5410,33,15.6,1.5,137,2,14,1,AA0134,0,50,0,1,0,0,0,0,1971,1,Electricity,Monthly or less,,,0,,Carpet,0
AA0073,1377,1,High,16,966,18,6897,55,171,11,31329,239,180,5,530,7,147,4,AA0073,0,50,1,0,0,0,0,0,1971,1,Gas,Twice a month,,0,0,,Wood,0
AA0286,24.2,0,Low,1.5,172,4,718,7,51,4,8952,50,96,2,160,3,14.9,1.2,AA0286,0,49,0,0,0,0,1,0,1972,1,Electricity,Weekly,,0,0,n/a,Wood,0
AA0359,14.9,0,Low,1.4,28,3,351,5,,,2583,26,25.2,1.8,77,2,19,1.1,AA0359,0,48,1,1,0,0,1,0,1973,1,Electricity,Monthly,,0,0,n/a,Carpet,0
AA0099,12.3,0,Low,1.6,111,4,452,6,,,4888,42,19.4,1.7,102,2,13.8,1,AA0099,0,47,0,0,0,1,1,0,1974,1,Electricity,Weekly or more,,0,0,,Wood,0
AA0019,29,0,Low,3,300,9,1436,17,59,7,18543,140,153,4,406,6,69,3,AA0019,0,47,1,1,0,1,1,0,1974,1,Electricity,Weekly,,0,0,,Carpet,3
AA0358,48.4,0,Low,1.7,115,3,1263,9,16,3,6905,42,53,2,168,3,70,2,AA0358,0,47,0,0,0,0,1,0,1974,1,Gas,Twice a month,,0,0,n/a,Carpet,0
AA0350,66.8,0,Low,1.9,130,4,996,8,22,3,10534,54,69,2,264,3,33.8,1.6,AA0350,0,47,0,0,0,0,0,1,1974,1,Electricity,Monthly,,0,0,n/a,Carpet,0
AA0337,37.6,0,Low,1.6,82,3,692,6,18,3,6529,40,70,2,202,3,29.2,1.3,AA0337,0,46,1,1,0,0,0,0,1975,1,Electricity,Twice a month,,0,0,n/a,Wood,0
AA0178,60,0,Low,2,392,6,2365,15,64,4,8202,51,328,4,163,3,33,2,AA0178,0,46,0,0,0,0,0,1,1975,1,Gas,Monthly or less,,0,0,,Carpet,0
AA0180,,,,,,,60.3,1.4,,,234,5,,,9.3,1.2,,,AA0180,0,46,1,0,0,0,0,0,1975,1,Electricity,Monthly or less,,0,0,,Wood,1
AA0441,19.2,0,Low,1.8,194,5,1006,10,39,5,5630,48,133,3,244,4,22.1,1.5,AA0441,0,45,0,0,0,0,1,1,1976,1,Electricity,Weekly or more,,0,0,,Carpet,0
AA0195,29.6,0,Low,1.6,124,4,474,6,43,4,15700,77,147,3,476,5,40.3,1.8,AA0195,0,45,1,0,0,1,0,1,1976,1,Wood,Twice a month,,1,0,,Wood,1
AA0194,48,0,Low,3,378,8,652,9,40,5,36653,193,80,3,602,6,43,2,AA0194,0,45,1,0,0,1,0,1,1976,1,Wood,Twice a month,,1,0,,Wood,1
AA0317,28.6,0,Low,1.4,113,3,1022,8,25,3,6316,38,47.6,2,169,3,22.2,1.5,AA0317,0,44,1,0,0,0,1,1,1977,1,Electricity,Twice a month,,0,0,n/a,Carpet; Wood,1
AA0348,65.1,0,Low,1.9,328,5,415,5,55,4,12071,59,152,3,424,5,42.4,1.6,AA0348,0,44,1,0,0,0,1,1,1977,1,Electricity,Monthly,,1,1,electronics; soldering,Carpet; Wood,0
AA0315,8.7,0,Low,1.1,38,2,191,3,,,4218,28,11,1.6,122,2,6.4,0.8,AA0315,0,43,1,0,0,0,0,1,1978,1,Gas,Weekly,,0,0,n/a,Carpet; Wood,0
AA0087,6.4,0,Low,1.2,101,3,438,5,17,3,1041,15,24.4,1.3,55.2,1.6,3.2,0.5,AA0087,0,42,1,0,0,0,0,0,1979,1,Electricity,Weekly or more,,0,0,,Carpet; Linoleum,1
AA0081,22,0,Low,2,134,5,1046,11,68,6,14563,93,73,3,298,4,26.2,1.6,AA0081,0,42,0,0,0,1,1,1,1979,1,Gas,Weekly or more,,0,0,,Wood,0
AA0410,9.2,0,Low,1.1,29,2,376,4,9,3,8097,42,35.4,1.9,328,3,20,1.2,AA0410,0,41,0,0,0,1,0,1,1980,0,Electricity,Weekly,,0,0,n/a,Carpet; Linoleum/vinyl,0
AA0032,9.5,0,Low,1.2,68,3,680,6,17,3,3069,26,31.9,1.7,81,2,13.6,1.2,AA0032,0,41,0,0,0,1,1,0,1980,0,Electricity,Weekly,,0,0,,Linoleum/vinyl,0
AA0088,9.8,0,Low,1.5,37,3,744,8,17,4,7243,51,35,2,172,3,17.4,1.2,AA0088,0,40,1,0,0,0,1,1,1981,0,Gas,Twice a month,,0,0,,Wood,0
AA0439,17.2,0,Low,1.7,99,4,2772,18,72,5,19251,101,84,3,360,4,42.7,1.9,AA0439,0,40,1,0,0,1,0,1,1981,0,Gas,Twice a month,,0,0,,Other,0
AA0154,28,0,Low,2,132,5,1831,16,60,6,19085,121,27,2,179,3,50,3,AA0154,0,40,0,0,0,0,0,1,1981,0,Electricity,Weekly or more,,0,0,,Other,0
AA0196,56,0,Low,3,225,8,2308,23,137,9,34690,236,163,5,481,7,89,4,AA0196,0,40,1,0,0,1,0,1,1981,0,Electricity,Weekly or more,,,0,,tiled,0
AA0172,25.2,0,Low,1.4,95,3,388,5,,,15322,67,15.6,1.9,299,3,29,1.3,AA0172,0,39,1,0,0,1,0,1,1982,0,Gas,Weekly or more,,,0,,Carpet,0
AA0184,27.2,0,Low,1.4,46,2,243,4,15,3,6198,37,24.5,1.9,206,3,20.4,1.3,AA0184,0,39,1,0,0,1,0,0,1982,0,Gas,Weekly or more,,0,0,,Wood,0
AA0069,41,0,Low,2,183,5,1593,13,154,7,23412,122,55,3,361,4,50,2,AA0069,0,39,0,0,0,0,0,0,1982,0,Electricity,Twice a month,,,0,,Carpet,0
AA0127,6.8,0,Low,1.4,25,3,167,4,19,4,2525,29,6,2,94,3,6.1,1.2,AA0127,0,37,1,0,1,0,0,0,1984,0,Gas,Weekly or more,,1,0,,Wood,0
AA0062,12,0,Low,1.6,184,5,309,6,25,4,5949,48,70,3,233,4,37.4,1.9,AA0062,0,37,0,0,0,1,0,1,1984,0,Electricity,Weekly,,0,0,,Carpet,0
AA0313,34.6,0,Low,1.9,479,7,1228,10,34,4,4284,37,49,2,117,3,11.3,1.1,AA0313,0,37,1,0,0,0,1,1,1984,0,Electricity,Twice a month,,0,0,n/a,Carpet; Wood; Tile,0
AA0054,80,,,2,89,3,377,5,28,3,15062,70,58,2,670,5,38.9,1.8,AA0054,0,37,1,0,0,1,0,0,1984,0,Electricity; Gas,Weekly,,1,0,,Wood,0
AA0058,89,1,High,2,372,6,600,6,58,4,14724,70,83,2,831,6,36.4,1.5,AA0058,0,37,0,0,0,1,0,0,1984,0,Oil,Weekly or more,,0,0,,Carpet,1
AA0089,31,0,Low,3,185,7,2108,21,126,9,35269,226,235,5,535,7,60,3,AA0089,0,36,1,0,0,0,0,1,1985,0,Gas,Twice a month,,0,0,,Other,1
AA0380,33.4,0,Low,1.8,161,4,2972,17,16,4,8821,54,49,2,139,3,19.4,1.3,AA0380,0,36,0,0,0,0,0,0,1985,0,Electricity,Monthly,,0,0,n/a,Carpet,0
AA0077,36.5,0,Low,1.8,172,5,2365,15,63,5,17576,87,122,3,399,4,39,1.6,AA0077,0,36,1,0,0,0,0,1,1985,0,Gas,Twice a month,,0,0,,Other,1
AA0384,62.7,0,Low,1.8,120,3,1668,10,21,3,6652,39,142,3,126,3,25.3,1.4,AA0384,1,36,1,0,0,1,0,0,1985,0,Electricity,Weekly,,0,0,n/a,Carpet,0
AA0291,225,1,High,4,596,8,1183,10,117,5,17268,86,159,3,266,4,43.5,1.8,AA0291,0,36,1,0,0,0,1,0,1985,0,Electricity,Weekly,,1,0,n/a,Wood,0
AA0311,,,,,38,3,129,3,,,2715,27,19.5,2,113,3,7.8,1.1,AA0311,0,36,0,0,0,1,0,0,1985,0,Electricity,Twice a month,,0,0,n/a,Carpet; Tile,0
AA0360,6.7,0,Low,1,43,2,359,4,9,3,4509,29,27.3,1.8,148,3,18.8,1.4,AA0360,0,35,1,0,0,1,0,1,1986,0,Electricity,Twice a month,,0,0,n/a,Wood,0
AA0407,6.9,0,Low,1,28,2,372,4,,,4609,30,21.6,1.6,106,2,17.4,1,AA0407,0,35,1,0,0,1,0,0,1986,0,Electricity; Gas,Weekly,,0,0,n/a,Carpet,0
AA0346,14.1,0,Low,1.6,74,4,373,6,,,4518,40,137,3,161,3,24,1.8,AA0346,0,35,0,0,0,1,0,1,1986,0,Gas,Weekly,,0,0,n/a,Vinyl,0
AA0304,36.7,0,Low,1.4,63,3,426,5,,,6314,37,51.3,1.9,179,3,16.8,1.1,AA0304,0,35,1,0,0,1,1,0,1986,0,Electricity,Weekly,,0,3,shooting and fishing,Carpet; Wood,0
AA0307,39.1,0,Low,1.7,115,3,792,7,53,4,12247,61,182,3,263,4,50.7,1.9,AA0307,0,35,0,0,0,1,1,0,1986,0,Electricity,Weekly,,1,1,auto painting- hydrodipping ,Carpet,0
AA0106,88,1,High,3,449,8,922,10,166,7,11136,75,35,2,179,3,27.2,1.7,AA0106,0,35,1,0,0,1,0,0,1986,0,Gas,Weekly or more,,0,1,shooting,Wood,3
AA0310,15.1,0,Low,1.5,234,5,647,7,107,5,11395,64,41,2,128,3,58.9,2,AA0310,0,34,0,1,0,0,0,0,1987,0,Gas,Weekly,,0,0,n/a,Wood,1
AA0117,28,0,Low,2,302,8,1962,18,75,7,8773,76,97,3,234,4,29.9,1.9,AA0117,0,34,0,0,0,0,0,0,1987,0,Electricity,Weekly or more,,0,0,,Carpet,0
AA0050,197,1,High,6,168,8,1500,20,71,9,4892,68,121,4,310,6,58,3,AA0050,1,34,1,0,0,0,1,1,1987,0,Electricity,Twice a month,,,0,,Wood,0
AA0309,7.5,0,Low,1,116,3,526,5,9,3,3415,25,20.9,1.5,89,2,13.3,1,AA0309,0,33,0,0,0,0,0,0,1988,0,Electricity,Twice a month,,0,0,n/a,Carpet,0
AA0450,10.8,0,Low,1.9,50,4,153,4,20,5,17348,111,76,3,331,5,55,2,AA0450,0,33,0,0,0,0,1,0,1988,0,Electricity,Monthly,,0,0,n/a,Carpet,0
AA0179,58.2,0,Low,2,209,5,440,5,39,4,38752,152,61,3,548,5,58,2,AA0179,0,33,0,0,0,1,1,1,1988,0,Electricity,Weekly or more,,0,0,,Carpet,1
AA0344,133,1,High,4,196,6,556,8,,,3440,41,1081,9,181,4,24.3,1.5,AA0344,0,33,0,0,0,0,1,0,1988,0,Electricity,Twice a month,,0,0,n/a,Carpet,0
AA0371,,,,,,,13,1.4,,,274,9,,,26,2,,,AA0371,0,33,1,0,0,1,0,0,1988,0,Electricity,Weekly,,0,0,n/a,Carpet; Wood,1
AA0137,4.2,0,Low,1.1,17,2,87,3,,,1681,20,9.4,1.7,32,2,,,AA0137,0,32,0,0,0,0,0,0,1989,0,Gas,Weekly or more,,0,1,Painting,Carpet,0
AA0414,6.6,0,Low,1.5,71,4,440,6,294,8,6613,50,34,2,216,3,18.7,1.6,AA0414,0,32,1,0,0,1,0,1,1989,0,Electricity,Weekly,,0,0,n/a,Wood; tile,1
AA0378,9.4,0,Low,1.2,133,4,540,6,14,3,4181,32,69,2,140,3,15.2,1.1,AA0378,0,32,1,0,0,1,1,0,1989,0,Gas,Weekly,,0,0,n/a,Carpet,0
AA0447,19,0,Low,2,104,5,490,8,,,4655,51,135,4,250,5,24.5,1.7,AA0447,0,32,1,1,0,1,0,0,1989,0,Electricity,Twice a month,,0,0,n/a,Carpet,0
AA0204,24.6,0,Low,1.9,107,4,537,7,28,5,15194,91,60,3,294,4,31.5,1.7,AA0204,0,32,1,0,0,0,0,0,1989,0,Oil,Weekly or more,,0,1,shooting ranges,Carpet,1
AA0027,23.4,0,Low,1.2,43,2,579,5,,,5346,31,18.5,1.7,150,2,78.1,1.5,AA0027,0,31,1,2,0,0,1,0,1990,0,Gas,Twice a month,,2,0,,Wood,0
AA0347,30.8,0,Low,1.5,90,3,572,6,30,3,8927,50,73,3,239,3,49,2,AA0347,0,31,1,0,0,0,0,0,1990,0,Electricity,Weekly,,0,0,n/a,Carpet; Linoleum/vinyl,0
AA0192,20,0,Low,2,200,6,568,9,29,6,18511,123,60,3,670,6,53,2,AA0192,0,30,0,0,0,1,1,0,1991,0,Gas,Weekly or more,,0,0,,Carpet,0
AA0151,21.1,0,Low,1.5,166,4,902,8,37,4,24219,103,56,3,337,4,15,1.5,AA0151,0,30,0,0,0,0,0,1,1991,0,Gas,Monthly or less,,0,0,,tiled,0
AA0150,24.5,0,Low,1.8,384,7,1548,12,65,5,6201,48,135,3,142,3,28,2,AA0150,0,30,0,0,0,1,1,1,1991,0,Electricity,Monthly or less,,0,0,,Wood,1
AA0090,25.1,0,Low,1.8,198,5,529,7,22,4,16158,89,36,2,195,3,30,1.6,AA0090,0,30,0,0,0,1,0,2,1991,0,Electricity,Weekly or more,,0,1,Shooting; Fishing,Carpet,0
AA0319,5.4,0,Low,1,29,2,329,4,10,3,3772,26,14.1,1.6,164,3,7.5,1,AA0319,0,29,0,0,0,0,1,0,1992,0,Electricity,Weekly,,0,0,n/a,Carpet,0
AA0392,6.8,0,Low,1.3,126,4,244,4,11,3,3462,31,15,2,107,3,22.4,1.9,AA0392,0,29,1,,,1,0,1,1992,0,Gas,Weekly,,0,0,n/a,Carpet,0
AA0200,26.4,0,Low,1.4,144,4,612,6,12,3,6444,38,424,4,199,3,22.1,1.3,AA0200,0,29,1,0,0,0,0,0,1992,0,Gas,Twice a month,,,0,,Carpet,0
AA0048,41,0,Low,3,1288,16,16997,86,194,9,40649,220,339,5,417,6,75,3,AA0048,0,29,1,0,0,0,0,1,1992,0,Gas,Twice a month,,1,1,"Welding, soldering, automotive repair",tiled,0
AA0253,61,0,Low,1.7,210,4,846,7,33,3,6816,39,175,3,187,3,27.5,1.7,AA0253,0,29,0,0,0,0,1,0,1992,0,Gas,Weekly,,0,0,n/a,Wood; tile,0
AA0376,16.9,0,Low,1.5,77,3,483,6,25,4,9898,59,36,2,200,3,26,1.4,AA0376,0,28,1,1,0,1,1,0,1993,0,Gas,Weekly,,0,1,firearms instructor,Carpet; Wood; Tile,0
AA0030,27.3,0,Low,2,201,6,1102,11,80,6,13894,86,78,3,252,4,55.6,2,AA0030,1,28,1,0,0,1,1,1,1993,0,Electricity,Weekly,,0,0,,Wood,0
AA0301,30.4,0,Low,1.6,209,4,1023,8,22,3,6738,43,41.7,1.9,164,3,22.1,1.2,AA0301,0,28,0,0,0,1,1,0,1993,0,Electricity,Twice a month,,0,1,shooting and fishing,Carpet; Wood,0
AA0288,19.9,0,Low,1.3,164,4,894,7,21,3,5206,34,38.1,1.9,159,3,16.8,1.2,AA0288,0,27,1,0,0,0,1,0,1994,0,Electricity,Weekly,,0,0,n/a,Carpet,0
AA0248,30.5,0,Low,1.5,207,4,2353,13,13,3,7932,45,40,2,252,4,65.9,1.9,AA0248,0,27,0,1,0,1,1,1,1994,0,Electricity,Twice a month,,0,0,n/a,Carpet,0
AA0101,34,0,Low,2,355,8,1496,15,132,7,14589,100,122,3,235,4,67,2,AA0101,0,27,0,0,0,0,0,1,1994,0,Electricity,Weekly or more,,0,0,,Tile,0
AA0442,74,0,Low,3,119,4,422,6,31,4,15753,89,40,2,422,5,37.7,2,AA0442,0,27,1,0,0,1,0,0,1994,0,Gas,Weekly or more,,0,1,"shooting ranges, previous stained glass soldering",Carpet,0
AA0409,4.1,0,Low,1.1,955,9,413,5,17,3,11765,61,19,2,158,3,14.1,1.6,AA0409,0,26,0,1,0,0,0,0,1995,0,Electricity,Weekly,,0,0,n/a,Carpet,0
AA0298,11.9,0,Low,1.1,37,2,192,3,,,5542,34,20.9,1.7,209,3,16.1,1.1,AA0298,0,26,1,0,0,1,0,0,1995,0,Electricity,Weekly,,0,3,shooting range,Carpet; Vinyl,0
AA0251,23.5,0,Low,1.4,21,2,238,4,13,3,12056,57,27,2,194,3,30.4,1.4,AA0251,1,26,1,0,0,1,1,0,1995,0,Electricity,Weekly,,0,0,n/a,Carpet,0
AA0394,24.9,0,Low,1.9,105,4,542,7,40,5,6686,52,32,2,168,3,21.4,1.4,AA0394,0,26,1,0,0,1,0,0,1995,0,Gas,Weekly,,0,0,n/a,Carpet,3
AA0104,30.5,0,Low,2,131,5,1054,10,40,5,9660,66,48,2,163,3,41.7,1.6,AA0104,1,26,1,0,0,1,0,1,1995,0,Electricity,Twice a month,,0,0,,Carpet,0
AA0168,37.5,0,Low,1.6,29,2,240,4,88,4,4456,32,108,3,294,4,18.6,1.3,AA0168,0,26,1,0,0,0,0,0,1995,0,Electricity,Twice a month,,0,0,,Carpet,0
AA0261,11.8,0,Low,1.1,58,3,1395,9,64,4,5495,33,51.2,1.9,141,2,12.7,1,AA0261,0,25,1,1,0,1,0,1,1996,0,Electricity,Twice a month,,0,0,n/a,Wood,0
AA0145,19.4,0,Low,1.4,69,3,552,6,21,3,17676,80,102,3,317,4,46.3,1.9,AA0145,0,25,1,0,0,1,0,0,1996,0,Gas,Twice a month,,0,1,welding and brazing,Carpet,0
AA0402,21.5,0,Low,1.3,212,4,671,6,30,3,6074,36,39,2,287,3,32.9,1.8,AA0402,1,25,0,0,0,0,1,0,1996,0,Electricity,Weekly,,1,0,n/a,Wood,0
AA0341,25.2,0,Low,1.5,117,4,723,7,30,3,3478,29,35.3,1.8,99,2,9.8,1.1,AA0341,0,25,1,0,0,0,1,1,1996,0,Electricity,Twice a month,,0,1,fishing,Wood,0
AA0316,27.4,0,Low,1.8,104,4,502,6,33,4,12471,70,94,3,235,4,23.2,1.7,AA0316,0,25,0,0,0,1,1,0,1996,0,Gas,Twice a month,,0,0,n/a,Carpet; Tile,0
AA0152,36,0,Low,2,319,7,1507,14,98,6,14009,91,124,3,210,3,29.2,1.6,AA0152,0,25,0,0,0,0,0,1,1996,0,Electricity,Weekly or more,,0,0,,Wood,0
AA0275,38.2,0,Low,1.6,182,4,1297,9,18,3,20290,87,79,3,453,5,78,2,AA0275,0,25,1,0,0,1,0,1,1996,0,Gas,Weekly,,0,3,shooting range; fishing,Wood,0
AA0045,41,0,Low,3,190,8,1467,18,58,8,12592,112,411,6,314,5,48,3,AA0045,0,25,1,0,0,0,1,0,1996,0,Electricity,Weekly or more,,,0,,Carpet,0
AA0059,58,0,Low,3,480,9,4341,29,63,6,32441,184,72,3,555,6,65,3,AA0059,0,25,0,0,0,0,1,0,1996,0,Gas,Weekly,,0,0,,Wood,3
AA0312,9.5,0,Low,1.2,50,3,496,5,15,3,6270,39,30,2,217,3,17.4,1.3,AA0312,0,24,1,0,0,0,1,0,1997,0,Gas,Weekly,,0,0,n/a,Carpet,0
AA0103,12.7,0,Low,1.3,55,3,396,5,40,4,8166,48,98,3,201,3,33.4,2,AA0103,0,24,0,0,0,0,0,0,1997,0,Electricity,Twice a month,,0,1,fishing,Carpet,0
AA0357,18.9,0,Low,1.4,107,4,848,8,13,3,5485,38,19,2,232,3,65,3,AA0357,0,24,0,0,1,1,0,1,1997,0,Gas,Weekly,,0,0,n/a,Tile,0
AA0270,22.2,0,Low,1.4,98,3,769,7,17,3,5548,37,166,3,145,3,14,1.2,AA0270,0,24,1,0,0,0,1,1,1997,0,Electricity; Gas,Twice a month,,0,0,n/a,Carpet,0
AA0075,25.1,0,Low,1.9,212,6,1322,12,79,5,24162,124,53,2,371,4,50.8,1.8,AA0075,0,24,0,0,0,0,0,0,1997,0,Gas,Twice a month,,0,0,,Carpet; Wood,0
AA0278,31.4,0,Low,1.5,145,4,1680,11,41,4,7744,46,50,2,188,3,21.9,1.7,AA0278,0,24,1,0,0,0,,1,1997,0,Gas,Twice a month,,0,1,"fishing, target shooting in yard",Carpet; Tile,0
AA0338,43.8,0,Low,1.6,59,3,366,5,19,3,10191,52,62,2,372,4,36.6,1.7,AA0338,1,24,0,0,0,0,1,0,1997,0,Electricity,Monthly,,0,0,n/a,Carpet,0
AA0438,13.3,0,Low,1.7,89,4,774,9,18,4,11362,75,142,3,339,4,40.2,1.9,AA0438,0,23,0,0,0,0,0,1,1998,0,Electricity,Twice a month,,,1,Motorcycle repair including soldering wires,Carpet,0
AA0086,14.9,0,Low,1.8,87,4,976,10,38,5,6021,51,388,4,141,3,11.8,1.2,AA0086,0,23,1,0,0,0,1,0,1998,0,Electricity; Gas,Twice a month,,0,0,,Carpet; Wood; Linoleum,0
AA0266,16.5,0,Low,1.4,102,4,1080,9,33,4,8144,49,122,3,179,3,36.4,1.5,AA0266,0,23,1,1,0,0,0,0,1998,0,Electricity; Gas,Twice a month,,0,0,n/a,Carpet; Wood,0
AA0085,19.5,0,Low,1.6,144,4,843,8,35,4,4466,36,232,3,127,3,11.4,1,AA0085,0,23,1,0,0,0,1,0,1998,0,Electricity; Gas,Twice a month,,0,0,,Carpet; Wood; Linoleum,0
AA0083,21.5,0,Low,1.9,102,4,628,8,56,5,5164,46,67,2,136,3,9.6,1.1,AA0083,0,23,1,0,0,0,1,0,1998,0,Electricity; Gas,Twice a month,,0,0,,Carpet; Wood; Linoleum,0
AA0084,36.3,0,Low,1.6,286,5,2094,13,28,4,8943,51,43,2,193,3,26.9,1.8,AA0084,0,23,1,0,0,0,1,0,1998,0,Electricity; Gas,Twice a month,,0,0,,Carpet; Wood; Linoleum,0
AA0044,43,0,Low,2,294,7,894,11,220,8,12696,89,61,3,236,4,32.8,1.7,AA0044,0,23,0,0,0,0,0,0,1998,0,Oil,Weekly or more,,0,0,,Wood,0
AA0209,10.7,0,Low,1.8,107,4,360,6,29,4,3922,37,19.6,2,100,3,21.7,1.3,AA0209,0,22,0,0,0,0,0,0,1999,0,Electricity,Weekly or more,,0,0,,Carpet,0
AA0023,12.4,0,Low,1.6,77,4,866,9,26,4,12362,72,51,2,178,3,27.7,1.4,AA0023,0,22,0,0,1,1,0,0,1999,0,Electricity,Weekly,,0,3,fishing,Wood,0
AA0157,14.3,0,Low,1.3,65,3,305,4,20,3,22358,92,67,3,272,4,47.2,1.8,AA0157,0,22,0,0,0,1,0,1,1999,0,Gas,Weekly or more,,0,0,,Wood,1
AA0281,15.9,0,Low,1.5,135,4,857,8,28,4,8252,51,46,2,165,3,19.5,1.3,AA0281,0,22,0,0,0,0,0,0,1999,0,Gas,Monthly,,0,0,n/a,Wood,0
AA0122,19.3,0,Low,1.5,74,3,163,3,,,8183,49,11.4,2,156,3,32.9,1.4,AA0122,0,22,0,0,1,1,1,1,1999,0,Electricity,Weekly or more,,0,1,Car repair,Carpet,0
AA0362,29.1,0,Low,1.5,454,6,1383,10,64,4,8332,48,75,2,190,3,21.4,1.4,AA0362,0,22,1,0,0,0,0,0,1999,0,Gas,Twice a month,,1,0,n/a,Carpet; Wood; Tile,0
AA0446,46,0,Low,2,205,5,1159,10,35,4,8326,55,66,3,275,3,208,2,AA0446,0,22,0,0,0,0,0,1,1999,0,Gas,Twice a month,,0,0,n/a,Wood,0
AA0162,146,1,High,3,185,4,1023,8,45,4,13609,68,69,3,260,4,84,2,AA0162,0,22,1,0,0,0,0,0,1999,0,Gas,Weekly or more,,,0,,Wood,0
AA0029,205,1,High,4,236,7,1764,16,43,6,17677,113,88,3,343,4,50,2,AA0029,0,22,0,2,0,0,0,0,1999,0,Electricity,Twice a month,,0,0,,Wood,0
AA0107,,,,,,,,,,,,,,,,,,,AA0107,0,22,1,0,0,1,1,0,1999,0,Gas,Weekly or more,,0,0,,Carpet,0
AA0012,45,0,Low,2,2940,22,2174,16,312,9,13923,84,134,3,349,4,28.1,1.5,AA0012,0,21,1,0,0,0,1,0,2000,0,Electricity,Weekly,,0,0,,Carpet,0
AA0283,50.8,0,Low,1.8,87,3,546,6,34,4,19981,87,43,3,388,5,66,2,AA0283,1,21,1,0,0,1,0,1,2000,0,Gas,Monthly,,1,1,lead electrical soldering; Wood finishing solvents and dust,Carpet,1
AA0130,,,,,,,,,,,,,,,,,,,AA0130,0,21,0,0,0,1,,0,2000,0,Electricity,Twice a month,,1,0,,Wood,0
AA0218,9.4,0,Low,1,24.3,2,88,2,,,4086,27,6,1.6,275,3,22.7,1.2,AA0218,0,20,1,0,0,1,0,0,2001,0,Gas,Weekly or more,,0,0,,Carpet,0
AA0197,11,0,Low,2,87,6,324,8,29,7,3768,53,85,3,320,5,33,2,AA0197,0,20,1,0,0,0,0,0,2001,0,Electricity,Weekly or more,,0,0,,Carpet,0
AA0257,13.8,0,Low,1.2,81,3,284,4,,,5147,34,44.4,1.9,152,3,23.1,1.4,AA0257,0,20,0,0,0,1,0,0,2001,0,Electricity,Monthly,,0,3,shooting range,Carpet,0
AA0386,15,0,Low,1.3,62,3,356,5,25,3,7294,43,37,2,202,3,32.8,1.5,AA0386,1,20,0,1,0,1,0,0,2001,0,Electricity,Monthly,,0,1,fishing; lead soldering,Carpet; Linoleum/vinyl,0
AA0166,24,0,Low,2,230,6,6934,39,30,5,22524,130,48,3,232,4,37.2,1.8,AA0166,0,20,1,0,0,0,0,0,2001,0,Gas,Twice a month,,0,0,,Wood,0
AA0092,28,0,Low,2,207,6,1142,12,39,5,12738,84,103,3,222,4,29.6,1.7,AA0092,0,20,0,0,0,0,1,0,2001,0,Electricity,Weekly or more,,0,0,,Wood,0
AA0049,34,0,Low,1.5,37,2,378,5,12,3,7677,44,47,2,165,3,22.5,1.6,AA0049,0,20,1,0,0,0,0,0,2001,0,Gas,Weekly or more,,,0,,Wood,0
AA0323,637,1,High,8,109,6,1171,13,1229,19,11382,85,83,3,254,4,33,3,AA0323,0,20,1,0,0,0,1,1,2001,0,Electricity,Weekly,,0,0,n/a,Carpet,0
AA0095,7.9,0,Low,1.2,79,3,399,5,26,3,3379,28,9,1.4,65.1,1.9,8.5,0.9,AA0095,0,19,0,0,0,1,0,0,2002,0,Electricity,Weekly or more,,0,0,,Carpet,1
AA0367,11.4,0,Low,1.1,59,3,492,5,,,3309,26,22,1.8,112,3,18.4,1.4,AA0367,0,19,0,0,0,0,0,0,2002,0,Electricity,Weekly,,0,0,n/a,Linoleum/vinyl,0
AA0005,40.4,0,Low,1.9,281,6,3162,18,136,6,11022,65,80,2,194,3,25.5,1.6,AA0005,0,19,1,0,0,1,1,0,2002,0,Electricity,Weekly,,2,3,shooting,Carpet,0
AA0037,163,1,High,4,4555,32,13956,71,964,16,100401,471,404,6,533,7,63,3,AA0037,0,19,0,0,0,1,1,0,2002,0,Electricity,Twice a month,,0,0,,Wood,0
AA0280,8.8,0,Low,1.1,132,3,1426,9,23,3,3017,24,27.7,1.5,84.9,2,15.4,1.2,AA0280,0,18,1,0,0,1,0,0,2003,0,Electricity,Weekly,,0,0,n/a,Wood,0
AA0343,9.1,0,Low,1.6,124,4,626,8,38,5,5360,46,399,5,180,4,22.4,1.6,AA0343,0,18,0,0,0,0,1,0,2003,0,Electricity,Monthly,,0,0,n/a,Carpet; Wood,0
AA0370,14.8,0,Low,1.3,151,4,677,7,19,3,10671,57,43,2,320,4,33.9,1.7,AA0370,0,18,1,0,0,1,0,0,2003,0,Electricity,Twice a month,,0,0,n/a,Wood,1
AA0296,26.6,0,Low,1.3,138,3,373,4,27,3,7585,41,149,3,219,3,21.6,1.4,AA0296,0,18,1,0,0,1,0,0,2003,0,Gas,Weekly,,0,0,n/a,Wood,0
AA0115,33,0,Low,2,887,12,3537,24,80,6,16078,101,43,3,241,4,47,2,AA0115,1,18,1,0,0,1,,0,2003,0,Electricity,Weekly or more,,0,0,,Carpet; TIle,3
AA0268,34.4,0,Low,1.9,98,4,403,6,42,4,9613,62,43,2,196,3,22.5,1.3,AA0268,0,18,0,0,0,1,0,0,2003,0,Gas,Weekly,,0,1,shooting range; fishing; stained glass soldering,Carpet; laminate,0
AA0282,55.2,0,Low,1.7,149,4,698,6,30,3,5958,36,84,2,144,3,16.8,1.3,AA0282,0,18,0,0,0,0,0,0,2003,0,Electricity,Twice a month,,0,0,n/a,Carpet; Wood,0
AA0188,16,0,Low,1.3,95,3,720,6,,,4443,31,55.8,1.8,120,2,17.7,1,AA0188,0,17,0,0,0,0,1,0,2004,0,Gas,Weekly,,0,0,,Wood,0
AA0368,20.8,0,Low,1.4,181,4,2749,14,30,3,5952,37,37.4,1.9,158,3,20.7,1.2,AA0368,0,17,1,0,0,0,0,1,2004,0,Gas,Weekly,,1,1,industrial arts,Carpet,1
AA0290,22.8,0,Low,1.4,67,3,547,6,17,3,10123,53,51,2,366,4,38.3,1.7,AA0290,0,17,0,0,0,0,1,0,2004,0,Electricity,Weekly,,0,0,n/a,Carpet,0
AA0389,63.2,0,Low,1.9,255,5,1254,9,92,4,21058,88,29,2,280,4,34.8,1.8,AA0389,0,17,1,0,0,0,0,0,2004,0,Gas,Weekly,,1,1,shooting range,Carpet; Wood; tile,0
AA0114,18,0,Low,3,292,10,4147,36,104,9,10186,100,100,4,260,5,40,2,AA0114,0,16,1,,0,1,1,1,2005,0,,Weekly or more,,0,0,,Wood,1
AA0113,18.7,0,Low,1.4,65,3,462,6,22,3,9421,54,46,2,198,3,29.4,1.6,AA0113,0,16,1,0,0,1,0,0,2005,0,Electricity,Twice a month,,0,0,,Carpet,0
AA0326,47,0,Low,1.6,379,5,809,7,60,4,6176,37,172,3,283,3,41,2,AA0326,0,16,0,0,0,1,0,1,2005,0,Gas,Weekly,,0,3,shooting,Carpet; Wood; Linoleum/vinyl; Tile,0
AA0349,10.6,0,Low,1.2,51,3,480,5,9,3,5381,34,29,1.7,211,3,12.6,1.1,AA0349,0,15,0,0,0,1,0,1,2006,0,Gas,Daily,,0,0,n/a,Carpet; Linoleum/vinyl; Tile,0
AA0124,11.2,0,Low,1.2,76,3,590,6,116,4,7416,42,34.7,1.9,133,2,22.7,1.3,AA0124,0,15,0,0,0,1,1,0,2006,0,Electricity,Weekly or more,,0,0,,Carpet,0
AA0015,14.1,0,Low,1.5,70,3,366,5,26,4,14455,78,31,2,257,4,39.2,1.7,AA0015,1,15,0,0,0,1,0,0,2006,0,Electricity,Twice a month,,0,0,,Carpet,0
AA0404,26.7,0,Low,1.7,193,5,500,6,50,4,8943,56,68,2,141,3,18.5,1.5,AA0404,0,15,0,0,0,0,0,0,2006,0,Electricity,Weekly,,0,0,n/a,Wood,0
AA0334,50,0,Low,1.9,662,8,1068,9,198,6,5342,39,68,2,120,3,19.9,1.5,AA0334,0,15,1,0,0,0,0,0,2006,0,Electricity,Weekly,,0,0,n/a,Wood,0
AA0129,1205,1,High,15,275,10,3810,36,140,11,32623,253,136,5,696,9,100,4,AA0129,0,15,0,0,0,0,0,0,2006,0,Electricity,Twice a month,,0,0,,Carpet,0
AA0353,3,0,Low,0.8,13.5,1.5,563,4,,,2661,18,3.8,1.1,48.9,1.5,6.5,0.6,AA0353,0,14,0,0,,1,,0,2007,0,Gas,Monthly,,0,3,shooting,Carpet; Wood; Tile,0
AA0294,11,0,Low,2,177,14,438,13,73,12,2697,52,,,,,,,AA0294,0,14,0,0,0,0,0,0,2007,0,Gas,Weekly,,0,0,n/a,"Carpet, Wood, Tile",0
AA0057,22,0,Low,2,275,8,1093,14,82,7,8110,75,133,4,249,4,33,2,AA0057,0,14,0,0,0,0,,0,2007,0,Gas,Twice a month,,0,0,,Capet; Wood,3
AA0285,64.5,0,Low,1.6,72,2,384,4,13,3,3356,23,46.4,1.6,125,2,16.2,0.8,AA0285,0,14,0,0,0,1,0,0,2007,0,Electricity,Weekly,,0,1,shooting,Carpet,0
AA0300,100,1,High,2,97,3,454,5,37,3,4067,29,29.6,1.6,131,2,12.5,0.9,AA0300,0,14,0,0,0,1,0,0,2007,0,Electricity,Monthly,,0,1,shooting,Carpet,0
AA0406,8.7,0,Low,1.2,36,2,540,5,13,3,7309,42,21.9,1.8,205,3,19.1,1.2,AA0406,0,13,0,0,0,1,0,0,2008,0,Electricity,Weekly,,0,0,n/a,Wood,0
AA0186,33.4,0,Low,1.8,152,4,792,8,64,5,8279,55,50,2,186,3,28.8,1.5,AA0186,0,13,0,0,0,0,1,0,2008,0,Electricity,Twice a month,,0,0,,Carpet;Wood;Tile,0
AA0263,14,0,Low,1.2,74,3,637,6,9,3,3456,26,30,1.6,118,2,22.9,1.5,AA0263,0,12,0,0,0,1,1,1,2009,0,Electricity,Weekly,,0,0,n/a,Carpet; Wood,0
AA0185,41,0,Low,2,455,9,4186,27,51,6,7771,62,160,3,194,3,78,2,AA0185,0,12,0,0,0,0,0,1,2009,0,Gas,Weekly,,0,0,,Carpet;Wood;Tile,0
AA0393,7.1,0,Low,1,55,2,585,5,,,3049,24,26,1.6,101,2,9,0.9,AA0393,0,11,1,0,0,1,1,0,2010,0,Gas,Twice a month,,0,0,n/a,Carpet; Wood,0
AA0102,9.1,0,Low,1.3,64,3,231,4,,,7905,48,37,2,166,3,23.1,1.4,AA0102,1,11,0,0,0,1,1,0,2010,0,Electricity; Gas,Weekly or more,,1,0,,Linoleum/vinyl,0
AA0082,12,0,Low,1.4,95,4,383,5,16,4,9128,56,23.1,1.9,313,4,32.7,1.6,AA0082,0,11,1,0,0,1,1,0,2010,0,Electricity,Weekly or more,,0,0,Shooting,Wood,0
AA0155,13,0,Low,1.8,166,5,1596,14,40,5,13715,87,50,2,316,4,34.3,1.8,AA0155,0,11,1,0,0,0,0,0,2010,0,Electricity,Twice a month,,0,0,,Wood,0
AA0135,13.2,0,Low,1.5,13,3,102,3,,,1760,24,,,60,3,6.5,1.2,AA0135,0,11,0,0,0,1,0,0,2010,0,Electricity,Weekly or more,,0,0,,Wood,0
AA0132,20.2,0,Low,1.5,64,3,375,5,10,3,9498,53,16,2,168,3,25.5,1.4,AA0132,0,11,1,0,0,1,0,1,2010,0,Gas,Weekly or more,,0,0,,Wood,0
AA0193,30,0,Low,2,302,8,631,10,31,6,14601,107,63,3,308,5,45,3,AA0193,0,11,1,0,0,1,0,0,2010,0,Electricity,Weekly or more,,0,0,,Wood,0
AA0021,,,,,27.6,2,247,3,45,3,2003,18,33,1.3,47.7,1.6,3.3,0.7,AA0021,0,11,1,1,0,1,1,0,2010,0,Electricity,Weekly,,0,0,,Carpet; Wood,0
AA0173,9,0,Low,1.2,89,3,648,6,13,3,4060,31,25.4,1.7,109,2,14.2,1.1,AA0173,0,10,1,0,0,0,0,0,2011,0,Gas,Twice a month,,0,0,,Carpet,0
AA0183,11.2,0,Low,1.6,393,7,1786,13,122,6,2740,30,59,2,97,2,13.5,1.1,AA0183,0,10,0,0,0,0,0,1,2011,0,Electricity,Weekly or more,,0,0,,Other,0
AA0008,17,0,Low,3,531,14,1817,24,95,10,10108,114,266,6,463,8,76,4,AA0008,1,10,0,0,0,1,0,0,2011,0,Electricity,Weekly,,0,0,,Wood,0
AA0221,38.7,0,Low,1.8,223,5,1963,13,34,4,10545,60,189,4,214,4,25.7,1.6,AA0221,0,10,1,0,0,0,0,1,2011,0,Gas,Monthly or less,,,0,,Wood,0
AA0160,40.9,0,Low,1.8,122,4,1164,9,38,4,11983,65,160,3,300,4,186,3,AA0160,0,10,1,0,0,1,0,1,2011,0,Gas,Twice a month,,,0,,Wood,0
AA0222,48.6,0,Low,1.9,678,8,591,6,124,5,11809,62,66,2,194,3,27.5,1.5,AA0222,0,10,0,0,0,0,0,0,2011,0,Electricity,Weekly or more,,0,0,,Wood,0
AA0060,53,0,Low,2,169,5,1093,11,18,4,8931,63,669,6,227,4,39,1.5,AA0060,0,10,1,0,0,0,0,0,2011,0,Gas,Weekly,,0,0,,Wood,0
AA0339,5.8,0,Low,1.2,104,3,1681,10,20,3,3456,26,29.3,1.7,106,2,16.9,1.2,AA0339,0,9,0,0,0,1,0,1,2012,0,Electricity,Weekly,,0,3,shooting,Carpet,0
AA0279,28.6,0,Low,1.8,33,3,747,8,,,21684,101,68,3,241,4,30.7,1.6,AA0279,0,9,0,0,0,0,0,0,2012,0,Gas,Weekly,,0,0,n/a,Tile,0
AA0252,31.9,0,Low,1.6,122,4,660,7,33,4,8055,48,83,3,191,3,75.8,1.9,AA0252,0,9,0,0,0,0,0,0,2012,0,Electricity,Twice a month,,0,0,n/a,Carpet; Wood; tile,0
AA0363,44.9,0,Low,1.6,47,3,318,4,16,3,8517,47,48,2,241,3,35.6,1.6,AA0363,0,9,0,0,0,1,1,0,2012,0,Gas,Weekly,,0,1,shooting,Carpet,3
AA0217,8,0,Low,2,94,6,436,9,26,7,6681,72,88,4,256,6,47,2,AA0217,0,8,1,0,0,1,0,0,2013,0,Gas,Weekly or more,,,3,,Other,0
AA0133,8.4,0,Low,1.1,48,2,1758,10,14,3,3841,28,18,1.5,138,2,12.7,1,AA0133,0,8,1,0,0,1,1,0,2013,0,Gas,Twice a month,,0,0,,Linoleum,0
AA0191,70,0,Low,2,107,4,551,7,39,4,20651,102,93,3,431,5,54,3,AA0191,0,8,1,0,0,1,0,1,2013,0,Gas,Twice a month,,,0,,Carpet,0
AA0372,15.5,0,Low,1.4,29,2,265,4,,,6341,42,42,2,172,3,16.6,1.5,AA0372,0,7,0,0,0,0,0,0,2014,0,Gas,Weekly,,0,0,n/a,Wood,0
AA0379,24.4,0,Low,1.7,95,4,858,8,25,4,3214,31,51,2,150,3,15.7,1.2,AA0379,0,7,1,0,0,0,0,0,2014,0,Electricity,Weekly,,0,0,n/a,Wood,3
AA0071,43,0,Low,3,593,12,2596,23,113,8,17481,130,380,6,452,6,47,3,AA0071,0,7,0,0,0,0,0,0,2014,0,Gas,Weekly or more,,,0,,Wood,0
AA0176,,,,,86,8,533,14,65,12,6708,99,174,8,358,10,61,5,AA0176,0,7,1,0,0,0,1,1,2014,0,Gas,Weekly,,0,0,,Tile,
AA0123,11,0,Low,3,53,7,568,13,,,3035,59,90,5,279,7,29,2,AA0123,0,6,1,0,0,1,0,1,2015,0,Gas,Weekly or more,,0,0,,Carpet,1
AA0009,14,0,Low,4,137,12,675,19,48,15,9637,154,187,9,472,13,74,5,AA0009,0,6,0,0,0,0,1,0,2015,0,Gas,Weekly,,0,0,,Carpet,0
AA0010,27,0,Low,2,213,6,7719,41,97,6,10554,74,58,2,197,3,32.7,1.6,AA0010,0,6,1,0,0,0,0,0,2015,0,Electricity,Monthly,,1,1,fishing,Carpet/linoleum/vinyl,3
AA0272,75.1,0,Low,1.8,128,3,614,5,34,3,5295,31,25.1,1.6,101,2,21.5,1.2,AA0272,0,6,1,0,0,0,0,0,2015,0,Electricity,Weekly,,0,0,n/a,Carpet,0
AA0182,8.3,0,Low,0.9,22.9,1.8,217,3,13,2,1665,16,9.2,1.3,46.9,1.7,3.5,0.7,AA0182,0,5,0,0,0,0,0,0,2016,0,Electricity,Twice a month,,0,0,,Carpet; Linoleum,0
AA0146,12,0,Low,4,231,13,818,19,,,5344,98,254,9,383,11,53,5,AA0146,0,5,0,0,0,0,1,1,2016,0,Gas,Twice a month,,0,0,,Wood,3
AA0038,17,0,Low,3,193,9,1125,17,36,8,11506,116,177,5,394,7,66,4,AA0038,0,5,1,0,0,1,1,0,2016,0,Gas,Weekly,,0,0,,Wood,0
AA0267,20.2,0,Low,1.5,36,3,201,4,17,3,15725,76,41,3,398,5,64,2,AA0267,0,5,1,0,0,0,0,0,2016,0,Gas,Weekly,,0,0,n/a,Wood,0
AA0112,29,0,Low,4,245,11,703,16,78,12,10772,135,304,7,480,9,78,4,AA0112,1,5,0,0,0,1,0,1,2016,0,Electricity,Weekly or more,,0,0,,Linoleum/vinyl,0
AA0149,32.9,0,Low,1.8,332,6,1030,9,35,4,5166,39,77,2,86,2,16.4,1.1,AA0149,0,5,1,0,0,0,0,0,2016,0,Electricity,Weekly or more,,0,0,,Wood,0
AA0110,57,0,Low,3,730,11,1072,12,51,6,19662,123,62,3,211,4,35,2,AA0110,0,4,0,0,0,1,0,1,2017,0,Electricity; Gas,Weekly or more,,0,0,,Wood; tile,3
AA0064,59,0,Low,4,485,12,2294,24,79,9,8968,92,144,4,370,6,76,3,AA0064,0,4,0,0,0,1,1,0,2017,0,Electricity,Twice a month,,1,0,,Carpet,
AA0016,,,,,7.5,1.9,63,2,,,349,9,,,16.2,1.8,,,AA0016,0,4,0,0,0,0,0,1,2017,0,Electricity,Twice a month,,0,0,,Carpet,0
AA0076,37,0,Low,2,135,5,1028,10,58,5,17364,97,54,3,332,4,49.5,1.9,AA0076,0,3,1,0,0,0,0,1,2018,0,Gas,Weekly or more,,,0,,Carpet,0
AA0153,697,1,High,6,854,10,629,7,23,4,33611,147,32,3,499,5,39,1.9,AA0153,0,3,1,0,0,1,0,0,2018,0,Gas,Monthly or less,,0,1,"Astromy, Electronics, Guitar player",Wood,1
AA0017,17.4,0,Low,1.6,234,5,817,8,113,5,9122,58,149,3,206,3,25.9,1.3,AA0017,0,1,1,2,0,0,0,1,2020,0,Gas,Weekly,,0,0,,Wood,0
AA0025,28,0,Low,2,334,8,676,9,142,7,16114,106,84,3,401,5,53,2,AA0025,0,1,0,2,0,1,0,1,2020,0,Electricity,Weekly,,0,0,,Wood,0
AA0211,5.3,0,Low,1.3,97,4,1753,13,31,4,2961,30,73,3,152,3,38.8,1.8,AA0211,0,,0,2,0,0,0,0,,4,Electricity,Twice a month,,0,0,,Linoleum/vinyl,0
AA0094,5.9,0,Low,1.2,21,2,155,3,,,4617,34,10,1.5,103,2,15,1,AA0094,1,,0,0,0,1,0,0,,4,Electricity,Weekly or more,,0,0,,Carpet,0
AA0327,6,0,Low,1,16.5,1.9,120,2,,,4004,27,13.2,1.6,137,3,9.7,1.1,AA0327,,,,,,,,,,4,,,,,,,,
AA0432,7.5,0,Low,1.4,85,4,239,4,11,4,3065,30,,,92,3,248,10,AA0432,,,,,,,,,,4,,,,,,,,
AA0028,7.8,0,Low,1.1,23,2,103,3,,,1392,17,24.7,1.7,56,2,6.7,1,AA0028,0,,0,0,0,1,0,0,,4,Gas,Weekly,,1,0,,Carpet,0
AA0428,7.9,0,Low,1,286,4,302,4,14,3,3768,26,21.9,1.7,130,2,16.6,1.4,AA0428,,,,,,,,,,4,,,,,,,,
AA0207,8.3,0,Low,1.4,73,3,436,6,,,5630,43,48.8,2,179,3,14.8,1.1,AA0207,,,,,,,,,,4,,,,,,,,
AA0415,8.5,0,Low,1.1,30,2,204,3,,,6406,36,26.7,1.7,207,3,18,1.2,AA0415,,,,,,,,,,4,,,,,,,,
AA0067,8.8,0,Low,1.6,93,4,605,8,50,5,3602,39,139,4,287,5,42,3,AA0067,0,,0,2,1,0, ,1,,4,,Weekly,,0,0,,Carpet,0
AA0420,9.2,0,Low,1.1,73,3,2066,11,12,3,5642,34,25.7,1.7,150,3,21.1,1.4,AA0420,,,,,,,,,,4,,,,,,,,
AA0451,9.3,0,Low,1.7,9,3,621,9,19,5,2267,33,26,4,84,5,8,2,AA0451,,,,,,,,,,4,,,,,,n/a,n/a,n/a
AA0240,10.1,0,Low,1.4,32,3,173,4,,,5081,42,21,2,153,4,19.1,1.5,AA0240,,,,,,,,,,4,,,,,,,,
AA0205,10.5,0,Low,1.1,8.3,1.8,205,3,,,11459,52,20.4,1.7,146,2,7.8,0.9,AA0205,0,,0,0,0,0,0,0,,4,Electricity,Weekly,,0,0,,Carpet,0
AA0295,11.2,0,Low,1.3,49,3,495,6,33,4,3499,29,48.4,1.9,102,2,18.5,1.3,AA0295,,,,,,,,,,4,,,,,,,,
AA0250,12.7,0,Low,1.3,112,4,467,6,,,2982,28,80,2,85,3,6.6,1.1,AA0250,,,,,,,,,,4,,,,,,,,
AA0430,13.7,0,Low,1.2,121,4,735,6,395,7,6343,38,35.3,2,124,2,39,2,AA0430,,,,,,,,,,4,,,,,,,,
AA0421,14.3,0,Low,1.4,157,4,271,4,12,3,14965,72,37,2,360,4,51.9,1.7,AA0421,,,,,,,,,,4,,,,,,,,
AA0342,14.5,0,Low,1.5,55,3,698,8,20,4,3475,33,107,3,149,3,39.4,1.7,AA0342,,,,,,,,,,4,,,,,,,,
AA0080,15,0,Low,3,276,10,2129,24,128,10,8430,91,241,5,382,6,48,3,AA0080,,,,,,,,,,4,,,,,,,,
AA0237,16,0,Low,1.3,44,3,407,5,37,4,6206,40,31,3,180,4,40,3,AA0237,,,,,,,,,,4,,,,,,,,
AA0111,16.5,0,Low,1.4,45,3,247,4,10,3,7717,47,159,3,162,3,23.9,1.2,AA0111,1,,1,0,0,1,1,0,,4,Electricity,Twice a month,,0,0,,Carpet,0
AA0422,17.2,0,Low,1.3,66,3,579,6,,,10165,54,38,2,198,3,43.1,1.5,AA0422,,,,,,,,,,4,,,,,,,,
AA0105,17.4,0,Low,1.9,166,5,2045,16,112,6,8962,65,28,2,147,3,53.4,1.9,AA0105,1,,0,2,1,0,1,0,,4,Electricity,Twice a month,,2,0,,Wood,0
AA0429,17.5,0,Low,1.3,143,4,1072,8,116,4,7415,41,42.8,1.9,120,2,37.2,1.6,AA0429,,,,,,,,,,4,,,,,,,,
AA0210,17.7,0,Low,1.4,48,3,267,4,,,3189,29,17.1,2,105,3,16.9,1.3,AA0210,,,,,,,,,,4,,,,,,,,
AA0065,18,0,Low,3,352,11,1145,16,133,10,14723,131,152,4,414,6,52,3,AA0065,0,,0,0,0,1,1,0,,4,Electricity,Weekly,,0,0,,Carpet,
AA0140,18.2,0,Low,1.3,67,3,737,7,11,3,5224,35,114,2,146,3,24.7,1.4,AA0140,,,,,,,,,,4,,,,,,,,
AA0055,19,0,Low,2,195,6,754,10,72,6,12672,94,105,3,300,4,35,2,AA0055,1,,0,2,0,1,0,0,,4,Electricity ,Twice a month,,0,0,,Carpet,0
AA0063,19,0,Low,2,163,6,797,11,45,6,8398,74,66,3,295,5,31.5,2,AA0063,,,,,,,,,,4,,,,,,,,
AA0246,19.1,0,Low,1.3,58,3,692,6,20,3,6343,38,26.7,1.9,201,3,25,1.5,AA0246,,,,,,,,,,4,,,,,,,,
AA0242,19.5,0,Low,1.2,143,3,988,7,25,3,4788,31,174,3,106,2,15.1,1.1,AA0242,,,,,,,,,,4,,,,,,,,
AA0011,19.7,0,Low,1.8,374,7,1254,11,36,5,8657,61,63,2,217,3,30.9,1.8,AA0011,0,,0,0,0,0,1,1,,4,Electricity,Weekly,,0,1,shooting,Carpet,0
AA0418,19.8,0,Low,1.4,48,3,408,5,12,3,4630,34,34,2,150,3,13,1.4,AA0418,,,,,,,,,,4,,,,,,,,
AA0355,21,0,Low,1.3,149,4,815,7,81,4,7145,41,624,5,188,3,16,1.3,AA0355,,,,,,,,,,4,,,,,,,,
AA0417,21.9,0,Low,1.4,43,3,290,4,47,4,15734,72,59,3,452,5,68,2,AA0417,,,,,,,,,,4,,,,,,,,
AA0333,22.1,0,Low,1.7,802,9,1692,12,141,6,13273,74,345,4,258,4,46.7,1.8,AA0333,,,,,,,,,,4,,,,,,,,
AA0448,22.1,0,Low,1.5,98,3,429,5,18,3,12491,64,29,2,246,3,36.7,1.5,AA0448,,,,,,,,,,4,,,,,,,,
AA0245,22.6,0,Low,1.2,136,3,515,5,16,3,5989,35,300,4,147,3,31.2,1.4,AA0245,,,,,,,,,,4,,,,,,,,
AA0031,24,0,Low,2,296,8,1146,13,54,6,7819,68,31,3,176,3,129,5,AA0031,0,,0,0,0,0,1,0,,4,Electricity,Weekly,,0,0,,Carpet,0
AA0230,24.1,0,Low,1.4,83,3,370,5,20,3,16410,75,34,3,400,5,52.6,1.9,AA0230,,,,,,,,,,4,,,,,,,,
AA0039,24.7,0,Low,1.8,132,4,1012,10,24,4,10150,65,60,3,159,3,79,3,AA0039,1,,0,0,0,0,1,0,,4,Electricity,Twice a month,,0,0,,Linoleum/vinyl,0
AA0247,25.3,0,Low,1.4,144,4,878,7,22,3,5125,35,35,2,169,3,16,1.2,AA0247,,,,,,,,,,4,,,,,,,,
AA0091,26,0,Low,3,292,7,4517,30,33,6,19276,121,19,3,235,4,35,2,AA0091,1,,0,0,1,0,1,2,,4,Gas,Monthly,,0,0,,Wood,0
AA0264,26,0,Low,1.4,126,3,1185,8,33,3,9733,50,119,3,346,4,25.8,1.3,AA0264,,,,,,,,,,4,,,,,,,,
AA0118,27,0,Low,3,444,11,2859,26,94,8,11421,101,562,7,342,5,41,2,AA0118,0,,0,2,0,0,1,0,,4,Electricity,Weekly or more,,0,0,,Carpet,0
AA0321,27,0,Low,1.6,31,3,245,4,,,5572,39,37,2,160,3,13.5,1.3,AA0321,,,,,,,,,,4,,,,,,,,
AA0258,27.8,0,Low,1.4,77,3,480,5,23,3,16563,72,31,2,331,4,58.4,1.8,AA0258,,,,,,,,,,4,,,,,,,,
AA0345,27.9,0,Low,1.4,162,4,646,6,,,6193,38,42.9,1.9,142,3,26.6,1.3,AA0345,0,,0,0,0,0,0,0,,4,Electricity,Bi-Weekly,,0,0,n/a,Carpet,0
AA0121,28,0,Low,2,343,8,1836,16,51,6,8640,70,80,3,228,4,32,1.8,AA0121,0,,0,1,1,0,,0,,4,Gas,Monthly,,0,0,,Wood,0
AA0006,28.4,0,Low,2,148,5,697,8,,,6903,54,46,2,154,3,23.6,1.4,AA0006,,,,,,,,,,4,,,,,,,,
AA0026,28.7,0,Low,1.8,769,9,3792,21,51,5,12117,70,97,3,219,3,33.8,1.5,AA0026,0,,1,0,0,0,0,1,,4,Electricity,Weekly,,0,3,,Carpet; Tile,0
AA0206,29,0,Low,2,84,5,2891,21,40,6,40991,211,63,3,843,7,40,2,AA0206,,,,,,,,,,4,,,,,,,,
AA0244,29.6,0,Low,1.5,101,3,889,7,48,4,12514,59,30,2,251,4,48,2,AA0244,,,,,,,,,,4,,,,,,,,
AA0331,30,0,Low,1.2,33.7,1.9,192,3,9,2,3022,21,27.6,1.6,134,2,19,1.1,AA0331,,,,,,,,,,4,,,,,,,,
AA0297,30.4,0,Low,1.5,126,3,495,5,47,4,15418,69,80,3,400,4,61.7,1.9,AA0297,,,,,,,,,,4,,,,,,,,
AA0229,31.7,0,Low,1.3,69,2,310,4,,,4080,26,14.9,1.4,133,2,11.3,0.9,AA0229,,,,,,,,,,4,,,,,,,,
AA0119,34,0,Low,3,505,11,2895,25,148,9,10575,91,270,5,265,5,29,2,AA0119,0,,0,0,1,0,1,0,,4,Electricity,Weekly or more,,0,0,,Carpet,0
AA0354,34.3,0,Low,1.6,150,4,874,7,26,3,6422,40,40.5,1.8,122,2,13.1,1.1,AA0354,,,,,,,,,,4,,,,,,,,
AA0213,35,0,Low,2,170,6,725,10,47,6,6473,61,79,3,181,4,31.7,1.9,AA0213,,,,,,,,,,4,,,,,,,,
AA0171,35.2,0,Low,1.8,590,8,6847,31,164,6,4271,35,94,2,105,2,20.3,1.6,AA0171,1,,0,2,2,1,1,0,,4,Other,Weekly,,1,1,,Tile,1
AA0034,35.4,0,Low,2,233,6,982,10,69,5,8082,57,62,2,184,3,26.3,1.7,AA0034,1,,0,2,0,0,1,0,,4,Electricity,Monthly,,0,0,,Carpet,0
AA0436,35.8,0,Low,1.7,227,5,1096,9,41,4,13748,71,124,3,185,3,33.7,1.5,AA0436,,,,,,,,,,4,,,,,,,,
AA0318,36.8,0,Low,1.5,74,3,567,6,,,6327,39,17.6,1.6,229,3,12.9,1.1,AA0318,,,,,,,,,,4,,,,,,,,
AA0425,39,0,Low,1.6,52,3,811,7,9,3,9140,48,33,2,234,3,30.3,1.6,AA0425,,,,,,,,,,4,,,,,,,,
AA0277,39.5,0,Low,1.6,88,3,489,5,31,3,16417,73,35,2,292,4,55.2,1.9,AA0277,,,,,,,,,,4,,,,,,,,
AA0208,41,0,Low,5,218,12,449,14,220,17,13583,174,177,6,754,11,131,7,AA0208,,,,,,,,,,4,,,,,,,,
AA0139,41.7,0,Low,1.7,80,3,797,7,44,4,14958,70,33,2,367,4,28.7,1.5,AA0139,,,,,,,,,,4,,,,,,,,
AA0024,42,0,Low,2,208,6,679,8,58,5,10452,69,21,2,201,3,30,2,AA0024,0,,0,2,0,0,1,0,,4,Electricity,Weekly,,0,0,,Carpet,0
AA0108,42,0,Low,3,175,6,754,10,32,6,8017,69,49,3,189,4,24.2,1.7,AA0108,0,,0,2,0,0,0,0,,4,Electricity,Weekly or more,,0,0,,Carpet,0
AA0351,42.4,0,Low,1.6,87,3,859,7,25,3,12230,58,29,2,304,4,45.4,1.8,AA0351,,,,,,,,,,4,,,,,,,,
AA0215,43.9,0,Low,1.7,175,4,1206,9,23,3,7458,43,113,3,202,3,22.5,1.5,AA0215,,,,,,,,,,4,,,,,,,,
AA0262,46.2,0,Low,1.5,189,4,782,6,51,3,12692,54,38.1,1.9,272,3,25.6,1.3,AA0262,,,,,,,,,,4,,,,,,,,
AA0329,49.6,0,Low,1.4,59,2,360,4,12,2,6186,32,69.4,1.8,152,2,17,1,AA0329,,,,,,,,,,4,,,,,,,,
AA0322,51,0,Low,2,68,4,2067,16,55,5,9168,67,134,11,792,7,6707,35,AA0322,,,,,,,,,,4,,,,,,,,
AA0423,56.6,0,Low,1.8,83,3,444,5,,,8180,45,104,2,171,3,18.5,1.2,AA0423,,,,,,,,,,4,,,,,,,,
AA0020,58,0,Low,3,530,9,1006,11,115,7,12348,84,79,3,217,4,27.5,1.5,AA0020,,,,,,,,,,4,,,,,,,,
AA0066,59,0,Low,3,205,8,717,11,89,8,10096,92,124,4,321,6,54,3,AA0066,0,,0,0,0,1,1,0,,4,Electricity,Weekly,,1,0,,Carpet,0
AA0093,59,0,Low,2,199,5,916,9,52,5,7800,54,46,2,137,3,46,2,AA0093,0,,0,0,0,1,1,2,,4,Electricity,Twice a month,,0,0,,Carpet,0
AA0369,62.1,0,Low,1.7,157,4,927,7,21,3,5300,33,44.2,1.9,214,3,18.7,1.1,AA0369,,,,,,,,,,4,,,,,,,,
AA0287,64,0,Low,1.7,128,3,509,5,21,3,7142,38,114,2,211,3,25.7,1.1,AA0287,,,,,,,,,,4,,,,,,,,
AA0226,64.6,0,Low,1.9,302,5,765,7,29,3,12586,62,43,2,274,4,45.2,1.7,AA0226,,,,,,,,,,4,,,,,,,,
AA0241,66,0,Low,3,181,6,2522,18,50,5,13679,87,615,7,373,5,60,3,AA0241,,,,,,,,,,4,,,,,,,,
AA0224,66.4,0,Low,1.9,71,3,905,8,39,4,7847,45,34,2,202,3,24.6,1.4,AA0224,,,,,,,,,,4,,,,,,,,
AA0227,71,0,Low,2,202,5,883,8,36,4,19354,94,60,3,533,5,72,2,AA0227,,,,,,,,,,4,,,,,,,,
AA0239,80,,,2,280,6,1416,11,81,5,18385,91,54,3,349,4,53,2,AA0239,,,,,,,,,,4,,,,,,,,
AA0232,84,1,High,2,102,3,463,5,80,4,13428,62,45,2,257,3,39.7,1.7,AA0232,,,,,,,,,,4,,,,,,,,
AA0433,84,1,High,2,130,4,287,4,31,4,24220,105,53,3,406,5,77,2,AA0433,,,,,,,,,,4,,,,,,,,
AA0238,85,1,High,3,494,8,1845,15,94,6,8831,65,68,3,265,4,35,2,AA0238,,,,,,,,,,4,,,,,,,,
AA0220,87,1,High,2,213,4,1055,8,48,3,12347,58,233,3,251,3,41.5,1.5,AA0220,,,,,,,,,,4,,,,,,,,
AA0303,93,1,High,2,101,3,777,7,23,3,4191,31,35.6,1.9,167,3,23.3,1.4,AA0303,,,,,,,,,,4,,,,,,,,
AA0223,96,1,High,2,215,5,611,6,24,3,10317,57,78,3,380,4,46,2,AA0223,,,,,,,,,,4,,,,,,,,
AA0036,97,1,High,2,42,2,564,5,8,3,7669,41,24.3,1.9,192,3,41,2,AA0036,0,,0,0,1,1,0,0,,4,Electricity,Twice a month,,1,0,,Carpet,3
AA0198,101,1,High,3,81,4,763,9,55,5,110567,449,,,287,5,16,2,AA0198,,,,,,,,,,4,,,,,,,,
AA0018,105,1,High,3,253,6,1277,12,47,5,12699,81,60,3,298,4,38.5,2,AA0018,0,,0,1,1,0,0,1,,4,Electricity,Weekly,,0,0,,Carpet,0
AA0416,106,1,High,2,139,4,371,5,10,3,13615,65,34,2,306,4,32.4,1.6,AA0416,,,,,,,,,,4,,,,,,,,
AA0225,110.7,1,High,2,90,3,726,6,9,3,5443,31,37.5,1.7,138,2,16.8,1,AA0225,,,,,,,,,,4,,,,,,,,
AA0426,120,1,High,2,406,5,820,6,80,4,4964,31,82.6,2,140,2,17.1,1.2,AA0426,,,,,,,,,,4,,,,,,,,
AA0332,122,1,High,2,161,3,835,6,124,4,10407,47,141,3,205,3,32.4,1.3,AA0332,,,,,,,,,,4,,,,,,,,
AA0419,129,1,High,3,74,3,590,6,24,3,20948,91,64,3,461,4,57,2,AA0419,,,,,,,,,,4,,,,,,,,
AA0131,145,1,High,5,204,9,1301,18,107,10,24333,196,146,5,515,7,85,5,AA0131,0,,0,2,0,1,1,0,,4,Electricity,Twice a month,,0,0,,Carpet,0
AA0255,157,1,High,3,172,4,1289,9,207,6,19824,84,287,4,427,4,65,1.9,AA0255,,,,,,,,,,4,,,,,,,,
AA0234,158,1,High,2,481,6,3220,15,37,3,7860,42,58.9,2,163,3,24.5,1.3,AA0234,,,,,,,,,,4,,,,,,,,
AA0427,158,1,High,3,121,4,6446,25,39,3,6714,39,82,2,114,3,21.9,1.2,AA0427,,,,,,,,,,4,,,,,,,,
AA0424,162,1,High,3,208,4,424,5,27,3,10929,52,79,2,291,4,35.1,1.5,AA0424,,,,,,,,,,4,,,,,,,,
AA0325,181,1,High,3,123,3,785,7,41,3,10831,53,121,3,302,4,77,3,AA0325,,,,,,,,,,4,,,,,,,,
AA0072,185,1,High,4,1133,13,1127,11,74,6,20382,113,109,3,343,4,54.1,2,AA0072,,,,,,,0,,,4,,,,,,,,
AA0256,202,1,High,3,59,3,463,5,25,3,9941,53,43,2,254,4,42.5,1.6,AA0256,0,,1,0,0,1,0,0,,4,Electricity,Weekly,,0,1,stained glass crafting,Carpet,0
AA0233,205,1,High,3,130,3,437,5,41,3,21140,83,88,3,518,5,53,2,AA0233,,,,,,,,,,4,,,,,,,,
AA0236,244,1,High,4,130,4,558,6,51,4,28475,120,36,3,597,6,83,3,AA0236,,,,,,,,,,4,,,,,,,,
AA0335,249,1,High,3,92,3,1267,9,67,4,10383,55,42,2,203,3,83.7,2,AA0335,,,,,,,,,,4,,,,,,,,
AA0235,289,1,High,4,191,4,1413,10,53,4,16083,77,88,3,296,4,93,2,AA0235,,,,,,,,,,4,,,,,,,,
AA0249,418,1,High,4,180,4,1750,10,27,3,10938,53,157,3,228,3,45.7,1.7,AA0249,,,,,,,,,,4,,,,,,,,
AA0431,580,1,High,7,181,5,1276,12,60,5,16648,95,69,3,307,4,41.3,1.9,AA0431,,,,,,,,,,4,,,,,,,,
AA0228,965,1,High,7,130,4,1222,9,38,4,16584,75,69,3,376,4,49,1.9,AA0228,,,,,,,,,,4,,,,,,,,
AA0293,1542,1,High,9,217,5,1758,11,47,4,23727,101,78,3,397,5,91,3,AA0293,,,,,,,,,,4,,,,,,,,
AA0254,2009,1,High,10,411,6,1141,8,44,4,13973,65,69,2,252,3,68.6,1.8,AA0254,,,,,,,,,,4,,,,,,,,
AA0231,2328,1,High,13,397,6,1899,13,102,5,9971,57,195,3,242,4,57,2,AA0231,,,,,,,,,,4,,,,,,,,
AA0079,,,,,,,,,,,,,,,,,,,AA0079,,,,,,,,,,4,,,,,,,,
AA0097,,,,,17.6,1.7,110,2,,,1014,12,4,1.2,37.5,1.7,3.4,0.8,AA0097,0,,0,0,0,0,0,0,,4,Gas,Weekly or more,,0,1,shooting,Carpet,0
AA0098,,,,,,,,,,,,,,,,,,,AA0098,1,,0,2,0,1,1,0,,4,Electricity,Monthly,,0,0,,Carpet,0
AA0109,,,,,254,12,5708,56,657,22,11068,129,174,6,318,7,43,3,AA0109,0,,0,0,0,0,,0,,4,Electricity; Gas,Weekly or more,,1,0,,Carpet;Wood,3
AA0214,,,,,422,6,1033,8,22,3,3744,30,73,2,195,3,17.9,1.3,AA0214,0,,1,0,0,0,,0,,4,Gas,Weekly,,1,3,fishing,Carpet,0
AA0434,,,,,,,,,,,,,,,,,,,AA0434,,,,,,,,,,4,,,,,,,,
